date,global_active_power,global_reactive_power,voltage,global_intensity,sub_metering_1,sub_metering_2,sub_metering_3,sub_metering_remainder,rr,nbjrr1,nbjrr5,nbjrr10,nbjbrou
2006-12-16,1209.176,34.922,236.2438,13.0828,0.0,546.0,4926.0,14680.9333,63.75,9.333,5.667,2.167,0.167
2006-12-17,3390.46,226.006,240.087,9.999,2033.0,4187.0,13341.0,36946.6667,63.75,9.333,5.667,2.167,0.167
2006-12-18,2203.826,161.792,241.2317,6.4217,1063.0,2621.0,14018.0,19028.4333,63.75,9.333,5.667,2.167,0.167
2006-12-19,1666.194,150.942,241.9993,4.9264,839.0,7602.0,6197.0,13131.9,63.75,9.333,5.667,2.167,0.167
2006-12-20,2225.748,160.998,242.3081,6.4674,0.0,2648.0,14063.0,20384.8,63.75,9.333,5.667,2.167,0.167
2006-12-21,1717.112,144.166,241.0423,5.0282,1765.0,2623.0,10421.0,13809.5333,63.75,9.333,5.667,2.167,0.167
2006-12-22,2341.338,186.906,241.1845,6.8729,3151.0,350.0,11131.0,24390.3,63.75,9.333,5.667,2.167,0.167
2006-12-23,4773.386,221.47,240.1361,14.0281,2669.0,425.0,14726.0,61736.4333,63.75,9.333,5.667,2.167,0.167
2006-12-24,2550.012,149.9,241.6874,7.6404,1703.0,5082.0,6891.0,28824.2,63.75,9.333,5.667,2.167,0.167
2006-12-25,2743.12,240.28,243.3999,7.9515,6620.0,1962.0,5795.0,31341.6667,63.75,9.333,5.667,2.167,0.167
2006-12-26,3934.11,165.102,241.6254,11.3479,1086.0,2533.0,14979.0,46970.5,63.75,9.333,5.667,2.167,0.167
2006-12-27,1528.76,178.902,243.7674,4.5175,0.0,314.0,6976.0,18189.3333,63.75,9.333,5.667,2.167,0.167
2006-12-28,2072.638,208.876,243.2683,6.0863,2207.0,4419.0,9176.0,18741.9667,63.75,9.333,5.667,2.167,0.167
2006-12-29,3174.392,196.394,240.8713,9.2714,1252.0,5162.0,11329.0,35163.5333,63.75,9.333,5.667,2.167,0.167
2006-12-30,2801.738,312.756,240.5363,8.3171,3148.0,7929.0,12516.0,23102.6333,63.75,9.333,5.667,2.167,0.167
2006-12-31,3494.196,150.852,239.8966,10.1996,0.0,347.0,6502.0,51387.6,63.75,9.333,5.667,2.167,0.167
2007-01-01,2749.004,148.166,240.129,7.9169,0.0,352.0,5880.0,39584.7333,28.36,10.2,0.6,0.0,0.0
2007-01-02,1269.236,190.342,241.9438,3.714,0.0,348.0,6562.0,14243.9333,28.36,10.2,0.6,0.0,0.0
2007-01-03,1014.054,196.728,243.5571,3.014,0.0,344.0,4765.0,11791.9,28.36,10.2,0.6,0.0,0.0
2007-01-04,3259.412,202.302,239.7503,9.4782,1051.0,7597.0,10896.0,34779.5333,28.36,10.2,0.6,0.0,0.0
2007-01-05,2713.364,173.154,240.4958,7.8851,1483.0,379.0,7602.0,35758.7333,28.36,10.2,0.6,0.0,0.0
2007-01-06,1508.378,192.188,239.6731,4.5439,1336.0,402.0,5678.0,17723.6333,28.36,10.2,0.6,0.0,0.0
2007-01-07,2447.62,246.074,240.9025,7.2826,1987.0,8177.0,12810.0,17819.6667,28.36,10.2,0.6,0.0,0.0
2007-01-08,2241.36,207.568,239.577,6.5517,0.0,467.0,17547.0,19342.0,28.36,10.2,0.6,0.0,0.0
2007-01-09,1869.054,207.248,240.4875,5.5211,1688.0,4267.0,9790.0,15405.9,28.36,10.2,0.6,0.0,0.0
2007-01-10,2154.8,228.452,241.0275,6.3578,771.0,4456.0,11012.0,19674.3333,28.36,10.2,0.6,0.0,0.0
2007-01-11,2255.194,230.02,241.1557,6.6583,1378.0,2170.0,12415.0,21623.5667,28.36,10.2,0.6,0.0,0.0
2007-01-12,1461.296,199.14,241.5382,4.3092,0.0,439.0,8276.0,15639.9333,28.36,10.2,0.6,0.0,0.0
2007-01-13,3186.814,290.736,239.2836,9.4531,7806.0,2975.0,11341.0,30991.5667,28.36,10.2,0.6,0.0,0.0
2007-01-14,3011.038,227.432,238.818,8.9717,1777.0,4215.0,12991.0,31200.9667,28.36,10.2,0.6,0.0,0.0
2007-01-15,2148.678,174.86,241.2409,6.2615,1099.0,2239.0,15163.0,17310.3,28.36,10.2,0.6,0.0,0.0
2007-01-16,1686.404,185.428,241.9448,4.976,2063.0,644.0,6583.0,18816.7333,28.36,10.2,0.6,0.0,0.0
2007-01-17,2847.688,200.752,241.0052,8.2839,3500.0,5737.0,16064.0,22160.4667,28.36,10.2,0.6,0.0,0.0
2007-01-18,1821.462,177.712,240.8936,5.3425,0.0,336.0,13491.0,16530.7,28.36,10.2,0.6,0.0,0.0
2007-01-19,1480.44,170.052,240.1609,4.3762,2103.0,330.0,7172.0,15069.0,28.36,10.2,0.6,0.0,0.0
2007-01-20,3133.732,238.362,238.8675,9.3481,4324.0,5222.0,11440.0,31242.8667,28.36,10.2,0.6,0.0,0.0
2007-01-21,3407.262,229.736,238.9681,10.1907,10346.0,5567.0,11599.0,29275.7,28.36,10.2,0.6,0.0,0.0
2007-01-22,2180.494,168.642,241.6031,6.3553,1054.0,2983.0,11361.0,20943.5667,28.36,10.2,0.6,0.0,0.0
2007-01-23,1777.64,138.28,242.7626,5.2608,0.0,1064.0,5061.0,23502.3333,28.36,10.2,0.6,0.0,0.0
2007-01-24,2987.854,178.06,241.4577,8.7336,3464.0,2480.0,11744.0,32109.5667,28.36,10.2,0.6,0.0,0.0
2007-01-25,1596.344,144.16,243.4244,4.6293,1158.0,262.0,11239.0,13946.7333,28.36,10.2,0.6,0.0,0.0
2007-01-26,1617.972,142.902,242.7718,4.7214,1163.0,261.0,8238.0,17304.2,28.36,10.2,0.6,0.0,0.0
2007-01-27,2044.072,148.242,241.6166,5.9499,1170.0,3896.0,12374.0,16627.8667,28.36,10.2,0.6,0.0,0.0
2007-01-28,3092.35,153.606,240.3021,9.1336,3466.0,3997.0,12062.0,32014.1667,28.36,10.2,0.6,0.0,0.0
2007-01-29,1982.664,165.696,240.9296,5.7889,1123.0,294.0,15254.0,16373.4,28.36,10.2,0.6,0.0,0.0
2007-01-30,1707.798,180.934,241.8409,5.0282,1123.0,1424.0,8149.0,17767.3,28.36,10.2,0.6,0.0,0.0
2007-01-31,2363.752,185.988,239.9211,6.9236,0.0,5950.0,15052.0,18393.8667,28.36,10.2,0.6,0.0,0.0
2007-02-01,1824.76,150.264,240.3921,5.3325,1170.0,386.0,13145.0,15711.6667,84.117,13.333,6.5,3.0,0.0
2007-02-02,1667.736,139.542,240.3344,4.8708,0.0,356.0,11338.0,16101.6,84.117,13.333,6.5,3.0,0.0
2007-02-03,4029.722,245.824,238.9102,11.816,4746.0,4573.0,17834.0,40009.0333,84.117,13.333,6.5,3.0,0.0
2007-02-04,3595.94,186.494,239.6333,10.5654,3391.0,4597.0,14472.0,37472.3333,84.117,13.333,6.5,3.0,0.0
2007-02-05,1645.28,147.228,240.8103,4.8204,896.0,2564.0,7849.0,16112.3333,84.117,13.333,6.5,3.0,0.0
2007-02-06,1273.48,142.566,241.2642,3.7719,1185.0,405.0,4517.0,15117.6667,84.117,13.333,6.5,3.0,0.0
2007-02-07,2328.018,177.708,241.1497,6.7917,3299.0,3513.0,11986.0,20002.3,84.117,13.333,6.5,3.0,0.0
2007-02-08,1801.414,138.896,241.7973,5.2483,2226.0,366.0,10157.0,17274.5667,84.117,13.333,6.5,3.0,0.0
2007-02-09,1620.198,158.066,241.7404,4.7272,0.0,3045.0,9770.0,14188.3,84.117,13.333,6.5,3.0,0.0
2007-02-10,2829.328,192.974,240.0368,8.3037,5071.0,2831.0,14405.0,24848.4667,84.117,13.333,6.5,3.0,0.0
2007-02-11,3571.228,204.314,239.5061,10.5268,2430.0,4765.0,13114.0,39211.4667,84.117,13.333,6.5,3.0,0.0
2007-02-12,1877.61,136.704,240.0985,5.5035,2227.0,399.0,11517.0,17150.5,84.117,13.333,6.5,3.0,0.0
2007-02-13,1414.546,134.678,241.1669,4.1438,0.0,2828.0,6256.0,14491.7667,84.117,13.333,6.5,3.0,0.0
2007-02-14,2498.672,202.506,240.3754,7.3151,3295.0,3793.0,11579.0,22977.5333,84.117,13.333,6.5,3.0,0.0
2007-02-15,1985.346,165.964,240.6692,5.8203,0.0,2363.0,14028.0,16698.1,84.117,13.333,6.5,3.0,0.0
2007-02-16,1702.528,151.686,240.8209,5.0465,1148.0,859.0,8689.0,17679.4667,84.117,13.333,6.5,3.0,0.0
2007-02-17,2076.912,238.968,239.316,6.1292,1765.0,2226.0,7157.0,23467.2,84.117,13.333,6.5,3.0,0.0
2007-02-18,3829.762,255.522,239.1708,11.2389,6107.0,8003.0,13129.0,36590.3667,84.117,13.333,6.5,3.0,0.0
2007-02-19,2186.614,176.584,239.7896,6.4422,1634.0,2900.0,13085.0,18824.5667,84.117,13.333,6.5,3.0,0.0
2007-02-20,3149.928,187.158,239.8654,9.1685,2058.0,5191.0,9713.0,35536.8,84.117,13.333,6.5,3.0,0.0
2007-02-21,2072.874,189.87,240.461,6.0744,3527.0,2332.0,11548.0,17140.9,84.117,13.333,6.5,3.0,0.0
2007-02-22,3375.57,138.074,238.6202,9.8749,1409.0,4129.0,12285.0,38436.5,84.117,13.333,6.5,3.0,0.0
2007-02-23,1313.48,149.344,240.686,3.8254,0.0,503.0,10786.0,10602.3333,84.117,13.333,6.5,3.0,0.0
2007-02-24,714.922,122.202,239.8631,2.0858,0.0,363.0,3562.0,7990.3667,84.117,13.333,6.5,3.0,0.0
2007-02-25,501.74,113.736,241.6815,1.4622,0.0,329.0,1660.0,6373.3333,84.117,13.333,6.5,3.0,0.0
2007-02-26,568.484,108.28,241.2736,1.6589,0.0,331.0,2830.0,6313.7333,84.117,13.333,6.5,3.0,0.0
2007-02-27,518.112,113.204,242.9443,1.5246,0.0,314.0,1924.0,6397.2,84.117,13.333,6.5,3.0,0.0
2007-02-28,520.774,113.372,242.1596,1.5285,0.0,340.0,1973.0,6366.5667,84.117,13.333,6.5,3.0,0.0
2007-03-01,517.564,107.628,241.3214,1.5089,0.0,316.0,1980.0,6330.0667,43.217,12.833,2.667,0.0,0.0
2007-03-02,515.688,107.008,240.5916,1.5068,0.0,340.0,1969.0,6285.8,43.217,12.833,2.667,0.0,0.0
2007-03-03,819.122,134.992,241.2881,2.4011,0.0,347.0,4597.0,8708.0333,43.217,12.833,2.667,0.0,0.0
2007-03-04,2090.7,175.682,240.0298,6.1582,1476.0,8711.0,9408.0,15250.0,43.217,12.833,2.667,0.0,0.0
2007-03-05,2660.332,205.956,240.0309,7.8403,5727.0,12109.0,10026.0,16476.8667,43.217,12.833,2.667,0.0,0.0
2007-03-06,1246.5,186.148,240.9881,3.6957,0.0,1740.0,4700.0,14335.0,43.217,12.833,2.667,0.0,0.0
2007-03-07,2375.206,171.2,240.3236,6.935,1076.0,4761.0,15513.0,18236.7667,43.217,12.833,2.667,0.0,0.0
2007-03-08,1572.132,187.404,240.6654,4.6651,2180.0,3385.0,6655.0,13982.2,43.217,12.833,2.667,0.0,0.0
2007-03-09,1272.612,119.238,240.8885,3.7312,1093.0,345.0,8631.0,11141.2,43.217,12.833,2.667,0.0,0.0
2007-03-10,2484.712,243.528,239.8028,7.3419,4130.0,5422.0,10979.0,20880.8667,43.217,12.833,2.667,0.0,0.0
2007-03-11,3480.636,173.374,240.0073,10.1215,4810.0,3420.0,9500.0,40280.6,43.217,12.833,2.667,0.0,0.0
2007-03-12,1950.668,134.422,240.5587,5.7285,1403.0,2841.0,12353.0,15914.1333,43.217,12.833,2.667,0.0,0.0
2007-03-13,1290.144,126.718,240.898,3.8057,1350.0,3859.0,5323.0,10970.4,43.217,12.833,2.667,0.0,0.0
2007-03-14,1793.364,157.522,240.7773,5.2675,3485.0,480.0,8607.0,17317.4,43.217,12.833,2.667,0.0,0.0
2007-03-15,1884.814,159.326,240.2805,5.5232,0.0,3263.0,11036.0,17114.5667,43.217,12.833,2.667,0.0,0.0
2007-03-16,1702.054,130.208,239.5271,4.9924,1106.0,4604.0,5370.0,17287.5667,43.217,12.833,2.667,0.0,0.0
2007-03-17,2028.09,127.068,238.2247,5.9461,2208.0,359.0,12275.0,18959.5,43.217,12.833,2.667,0.0,0.0
2007-03-18,2371.046,241.45,241.0478,7.0079,6564.0,7369.0,5856.0,19728.4333,43.217,12.833,2.667,0.0,0.0
2007-03-19,2152.518,144.764,240.4971,6.2819,1648.0,2686.0,14118.0,17423.3,43.217,12.833,2.667,0.0,0.0
2007-03-20,2086.228,164.87,240.8156,6.1512,3745.0,2837.0,11255.0,16933.4667,43.217,12.833,2.667,0.0,0.0
2007-03-21,2142.092,142.83,240.9866,6.2372,1865.0,4133.0,12335.0,17368.5333,43.217,12.833,2.667,0.0,0.0
2007-03-22,1454.978,113.826,241.7635,4.2231,353.0,736.0,10462.0,12698.6333,43.217,12.833,2.667,0.0,0.0
2007-03-23,1309.008,119.488,241.6455,3.8038,1127.0,777.0,8369.0,11543.8,43.217,12.833,2.667,0.0,0.0
2007-03-24,2968.43,191.024,239.7045,8.7033,3707.0,5797.0,16382.0,23587.8333,43.217,12.833,2.667,0.0,0.0
2007-03-25,3336.506,236.1,240.0348,9.7167,4630.0,3600.0,9358.0,38020.4333,43.217,12.833,2.667,0.0,0.0
2007-03-26,1416.082,160.966,241.3368,4.1831,1088.0,344.0,9096.0,13073.3667,43.217,12.833,2.667,0.0,0.0
2007-03-27,1105.14,151.726,240.602,3.2965,0.0,3019.0,3697.0,11703.0,43.217,12.833,2.667,0.0,0.0
2007-03-28,2333.898,196.518,240.4446,6.8546,1122.0,8527.0,13888.0,15361.3,43.217,12.833,2.667,0.0,0.0
2007-03-29,1590.406,198.696,240.5367,4.6768,1162.0,460.0,10724.0,14160.7667,43.217,12.833,2.667,0.0,0.0
2007-03-30,1402.394,181.128,241.0392,4.1896,1094.0,468.0,8217.0,13594.2333,43.217,12.833,2.667,0.0,0.0
2007-03-31,3509.51,231.504,239.2608,10.2647,2620.0,7707.0,17682.0,30482.8333,43.217,12.833,2.667,0.0,0.0
2007-04-01,2785.952,202.552,240.0245,8.1494,4629.0,5401.0,19509.0,16893.5333,10.567,1.0,0.833,0.667,0.0
2007-04-02,1960.778,174.336,240.4601,5.7126,1755.0,970.0,16641.0,13313.6333,10.567,1.0,0.833,0.667,0.0
2007-04-03,1642.82,168.76,240.505,4.8463,3630.0,1042.0,7637.0,15071.3333,10.567,1.0,0.833,0.667,0.0
2007-04-04,2051.868,172.318,240.3318,5.9862,3434.0,420.0,14748.0,15595.8,10.567,1.0,0.833,0.667,0.0
2007-04-05,1844.078,244.538,241.1731,5.4915,1086.0,4277.0,10523.0,14848.6333,10.567,1.0,0.833,0.667,0.0
2007-04-06,1601.14,143.214,241.1845,4.6886,0.0,5466.0,9166.0,12053.6667,10.567,1.0,0.833,0.667,0.0
2007-04-07,1553.924,138.73,240.3786,4.5646,1127.0,3111.0,5923.0,15737.7333,10.567,1.0,0.833,0.667,0.0
2007-04-08,1608.816,135.882,240.3492,4.7199,0.0,485.0,3545.0,22783.6,10.567,1.0,0.833,0.667,0.0
2007-04-09,1000.92,160.11,240.5505,2.9746,2667.0,514.0,3801.0,9700.0,10.567,1.0,0.833,0.667,0.0
2007-04-10,777.364,148.94,240.8137,2.3474,209.0,742.0,2572.0,9433.0667,10.567,1.0,0.833,0.667,0.0
2007-04-11,887.482,192.446,241.1548,2.6188,0.0,1112.0,6421.0,7258.3667,10.567,1.0,0.833,0.667,0.0
2007-04-12,537.706,147.812,240.2561,1.5979,0.0,541.0,1818.0,6602.7667,10.567,1.0,0.833,0.667,0.0
2007-04-13,551.022,151.64,240.0505,1.6433,0.0,558.0,1988.0,6637.7,10.567,1.0,0.833,0.667,0.0
2007-04-14,554.268,155.61,240.3131,1.6514,0.0,578.0,2008.0,6651.8,10.567,1.0,0.833,0.667,0.0
2007-04-15,726.164,171.544,240.2367,2.1865,0.0,1026.0,2893.0,8183.7333,10.567,1.0,0.833,0.667,0.0
2007-04-16,952.39,186.074,240.6571,2.8725,952.0,1305.0,4656.0,8960.1667,10.567,1.0,0.833,0.667,0.0
2007-04-17,1223.734,218.354,240.1957,3.6908,1532.0,389.0,6199.0,12275.5667,10.567,1.0,0.833,0.667,0.0
2007-04-18,998.246,165.224,240.1468,2.9954,1579.0,355.0,3430.0,11273.4333,10.567,1.0,0.833,0.667,0.0
2007-04-19,1028.658,149.66,240.4298,3.0558,733.0,1605.0,5748.0,9058.3,10.567,1.0,0.833,0.667,0.0
2007-04-20,822.58,145.646,240.1329,2.4949,1069.0,360.0,3499.0,8781.6667,10.567,1.0,0.833,0.667,0.0
2007-04-21,1673.656,212.658,239.2132,5.0357,6575.0,463.0,11129.0,9727.2667,10.567,1.0,0.833,0.667,0.0
2007-04-22,2233.714,267.194,239.6089,6.6885,4264.0,2287.0,11102.0,19575.5667,10.567,1.0,0.833,0.667,0.0
2007-04-23,1054.566,135.64,237.2356,3.2642,1402.0,506.0,6005.0,9663.1,10.567,1.0,0.833,0.667,0.0
2007-04-24,1032.1,135.264,235.3449,3.1449,1125.0,527.0,6680.0,8869.6667,10.567,1.0,0.833,0.667,0.0
2007-04-25,1264.162,164.736,234.9411,3.8581,0.0,1469.0,8812.0,10788.3667,10.567,1.0,0.833,0.667,0.0
2007-04-26,1275.466,163.606,234.7873,3.9238,1324.0,1845.0,7163.0,10925.7667,10.567,1.0,0.833,0.667,0.0
2007-04-27,1094.332,161.928,235.2162,3.3125,1772.0,545.0,4756.0,11165.8667,10.567,1.0,0.833,0.667,0.0
2007-04-28,720.886,298.012,236.2071,2.2356,0.0,18.0,0.0,11996.7667,10.567,1.0,0.833,0.667,0.0
2007-04-29,708.48,299.52,236.24,2.2,0.0,0.0,0.0,11808.0,10.567,1.0,0.833,0.667,0.0
2007-04-30,845.91,251.43,235.692,2.6157,1214.0,500.0,1131.0,11253.5,10.567,1.0,0.833,0.667,0.0
2007-05-01,1663.858,181.608,234.6787,5.0733,4005.0,995.0,8546.0,14184.9667,81.367,13.0,6.667,2.333,0.0
2007-05-02,1003.486,160.092,235.5821,3.1415,7.0,1490.0,3754.0,11473.7667,81.367,13.0,6.667,2.333,0.0
2007-05-03,1090.238,150.942,235.1349,3.3076,1906.0,1725.0,7836.0,6703.6333,81.367,13.0,6.667,2.333,0.0
2007-05-04,998.128,174.74,235.7102,3.0781,2259.0,538.0,3990.0,9848.4667,81.367,13.0,6.667,2.333,0.0
2007-05-05,1563.052,174.102,235.035,4.7361,2913.0,2493.0,11303.0,9341.8667,81.367,13.0,6.667,2.333,0.0
2007-05-06,2102.104,182.336,234.4097,6.409,3215.0,949.0,10095.0,20776.0667,81.367,13.0,6.667,2.333,0.0
2007-05-07,1643.664,168.918,234.537,4.981,946.0,4935.0,9433.0,12080.4,81.367,13.0,6.667,2.333,0.0
2007-05-08,1789.292,181.612,234.9062,5.3564,4581.0,2011.0,8777.0,14452.5333,81.367,13.0,6.667,2.333,0.0
2007-05-09,1665.736,183.484,234.8737,5.0561,3018.0,5631.0,9474.0,9639.2667,81.367,13.0,6.667,2.333,0.0
2007-05-10,707.884,168.314,235.7963,2.2068,946.0,534.0,3261.0,7057.0667,81.367,13.0,6.667,2.333,0.0
2007-05-11,979.154,132.096,235.2298,3.0276,926.0,491.0,6471.0,8431.2333,81.367,13.0,6.667,2.333,0.0
2007-05-12,1441.566,209.172,234.7229,4.3606,2247.0,1075.0,10408.0,10296.1,81.367,13.0,6.667,2.333,0.0
2007-05-13,1634.738,220.67,235.7087,4.9692,3612.0,2414.0,8958.0,12261.6333,81.367,13.0,6.667,2.333,0.0
2007-05-14,1467.782,298.552,235.6901,4.5742,3176.0,2417.0,5517.0,13353.0333,81.367,13.0,6.667,2.333,0.0
2007-05-15,904.392,111.182,235.612,2.7333,0.0,408.0,5318.0,9347.2,81.367,13.0,6.667,2.333,0.0
2007-05-16,1692.944,135.894,235.2608,5.0718,2213.0,5756.0,9077.0,11169.7333,81.367,13.0,6.667,2.333,0.0
2007-05-17,1231.816,131.188,235.8685,3.721,1014.0,2073.0,7687.0,9756.2667,81.367,13.0,6.667,2.333,0.0
2007-05-18,1631.53,171.258,235.9946,4.8767,3270.0,3913.0,8116.0,11893.1667,81.367,13.0,6.667,2.333,0.0
2007-05-19,1429.442,167.858,234.9447,4.3193,4683.0,530.0,7022.0,11589.0333,81.367,13.0,6.667,2.333,0.0
2007-05-20,1968.328,187.532,235.3481,5.9415,5420.0,1733.0,7611.0,18041.4667,81.367,13.0,6.667,2.333,0.0
2007-05-21,1120.062,117.28,234.6919,3.3386,0.0,468.0,9060.0,9139.7,81.367,13.0,6.667,2.333,0.0
2007-05-22,1132.852,128.916,235.4806,3.3999,931.0,3966.0,3984.0,9999.8667,81.367,13.0,6.667,2.333,0.0
2007-05-23,1464.936,165.878,234.8125,4.3975,956.0,3792.0,8119.0,11548.6,81.367,13.0,6.667,2.333,0.0
2007-05-24,1154.388,135.56,235.5461,3.4621,955.0,4116.0,4746.0,9422.8,81.367,13.0,6.667,2.333,0.0
2007-05-25,1614.22,174.588,234.4472,4.8635,8060.0,586.0,6539.0,11718.6667,81.367,13.0,6.667,2.333,0.0
2007-05-26,1512.248,174.24,235.0699,4.5628,2373.0,2754.0,8628.0,11449.1333,81.367,13.0,6.667,2.333,0.0
2007-05-27,2153.808,219.894,234.9084,6.5065,4366.0,5534.0,10444.0,15552.8,81.367,13.0,6.667,2.333,0.0
2007-05-28,1637.468,151.1,234.9066,4.9219,4554.0,473.0,9586.0,12678.1333,81.367,13.0,6.667,2.333,0.0
2007-05-29,1061.34,113.244,235.6943,3.2072,0.0,1907.0,4332.0,11450.0,81.367,13.0,6.667,2.333,0.0
2007-05-30,1609.866,147.058,234.8314,4.8285,2250.0,5948.0,7804.0,10829.1,81.367,13.0,6.667,2.333,0.0
2007-05-31,938.55,129.586,235.0965,2.7918,935.0,477.0,3552.0,10678.5,81.367,13.0,6.667,2.333,0.0
2007-06-01,1045.374,143.42,235.3231,3.135,0.0,483.0,7664.0,9275.9,45.467,10.333,4.0,0.667,0.0
2007-06-02,1484.362,166.108,234.469,4.474,3971.0,1250.0,7633.0,11885.3667,45.467,10.333,4.0,0.667,0.0
2007-06-03,2108.026,182.458,234.7624,6.3529,4985.0,7529.0,8334.0,14285.7667,45.467,10.333,4.0,0.667,0.0
2007-06-04,911.618,223.192,234.7481,2.8222,1585.0,836.0,4533.0,8239.6333,45.467,10.333,4.0,0.667,0.0
2007-06-05,1458.892,255.692,234.6928,4.4651,4484.0,1027.0,6448.0,12355.8667,45.467,10.333,4.0,0.667,0.0
2007-06-06,1695.572,231.138,234.6214,5.111,3330.0,829.0,11680.0,12420.5333,45.467,10.333,4.0,0.667,0.0
2007-06-07,985.002,172.334,234.4788,2.9824,985.0,699.0,3959.0,10773.7,45.467,10.333,4.0,0.667,0.0
2007-06-08,2148.046,229.732,236.1974,6.4482,2799.0,11440.0,11380.0,10181.7667,45.467,10.333,4.0,0.667,0.0
2007-06-09,1093.02,230.736,240.7241,3.2668,852.0,599.0,6590.0,10176.0,45.467,10.333,4.0,0.667,0.0
2007-06-10,1340.812,239.092,240.8443,4.0057,4202.0,1924.0,5983.0,10237.8667,45.467,10.333,4.0,0.667,0.0
2007-06-11,794.654,194.634,240.8568,2.4179,0.0,487.0,5328.0,7429.2333,45.467,10.333,4.0,0.667,0.0
2007-06-12,918.766,216.416,240.2249,2.8586,1882.0,475.0,3898.0,9057.7667,45.467,10.333,4.0,0.667,0.0
2007-06-13,927.272,208.26,240.3976,2.8175,957.0,857.0,5216.0,8424.5333,45.467,10.333,4.0,0.667,0.0
2007-06-14,1259.084,231.696,239.8478,3.7833,3322.0,2147.0,7054.0,8461.7333,45.467,10.333,4.0,0.667,0.0
2007-06-15,989.604,251.762,240.4644,3.0662,2269.0,4011.0,4547.0,5666.4,45.467,10.333,4.0,0.667,0.0
2007-06-16,2017.762,307.558,239.5017,5.975,3289.0,4498.0,11108.0,14734.3667,45.467,10.333,4.0,0.667,0.0
2007-06-17,1947.09,239.814,240.2192,5.7693,4124.0,5038.0,8734.0,14555.5,45.467,10.333,4.0,0.667,0.0
2007-06-18,678.474,180.81,240.7762,2.0788,0.0,529.0,4241.0,6537.9,45.467,10.333,4.0,0.667,0.0
2007-06-19,845.2,188.166,240.2666,2.5653,973.0,537.0,4391.0,8185.6667,45.467,10.333,4.0,0.667,0.0
2007-06-20,1074.286,227.302,240.1562,3.3068,1761.0,2588.0,5106.0,8449.7667,45.467,10.333,4.0,0.667,0.0
2007-06-21,806.946,222.546,240.5749,2.5008,932.0,2400.0,3711.0,6406.1,45.467,10.333,4.0,0.667,0.0
2007-06-22,566.294,208.526,240.8356,1.8074,0.0,951.0,3482.0,5005.2333,45.467,10.333,4.0,0.667,0.0
2007-06-23,477.566,193.12,240.319,1.5357,0.0,786.0,2402.0,4771.4333,45.467,10.333,4.0,0.667,0.0
2007-06-24,714.656,179.362,241.1322,2.2076,0.0,791.0,3449.0,7670.9333,45.467,10.333,4.0,0.667,0.0
2007-06-25,1072.202,197.27,240.4223,3.25,1985.0,3621.0,4816.0,7448.0333,45.467,10.333,4.0,0.667,0.0
2007-06-26,944.908,182.42,240.0945,2.8771,971.0,1334.0,5231.0,8212.4667,45.467,10.333,4.0,0.667,0.0
2007-06-27,1480.826,206.998,239.7584,4.4292,2603.0,6451.0,7270.0,8356.4333,45.467,10.333,4.0,0.667,0.0
2007-06-28,1295.438,217.446,239.4237,3.8896,0.0,4368.0,9541.0,7681.6333,45.467,10.333,4.0,0.667,0.0
2007-06-29,1304.442,206.194,240.1795,3.9406,4363.0,667.0,6797.0,9913.7,45.467,10.333,4.0,0.667,0.0
2007-06-30,1335.314,188.354,240.0116,3.9715,3049.0,792.0,8376.0,10038.2333,45.467,10.333,4.0,0.667,0.0
2007-07-01,1026.664,172.448,240.0672,3.0807,969.0,736.0,4690.0,10716.0667,78.05,12.667,5.167,3.5,0.0
2007-07-02,967.032,176.924,240.6718,2.9278,1018.0,5281.0,3445.0,6373.2,78.05,12.667,5.167,3.5,0.0
2007-07-03,1059.912,180.338,240.1869,3.2307,467.0,3214.0,4695.0,9289.2,78.05,12.667,5.167,3.5,0.0
2007-07-04,1003.41,253.334,240.6596,3.0954,2329.0,2218.0,5632.0,6544.5,78.05,12.667,5.167,3.5,0.0
2007-07-05,1057.29,246.716,240.4444,3.2332,2922.0,770.0,3973.0,9956.5,78.05,12.667,5.167,3.5,0.0
2007-07-06,1069.524,219.35,240.5995,3.2686,2826.0,3563.0,4005.0,7431.4,78.05,12.667,5.167,3.5,0.0
2007-07-07,1358.206,214.044,239.9101,4.0349,997.0,3047.0,10177.0,8415.7667,78.05,12.667,5.167,3.5,0.0
2007-07-08,1089.08,196.92,240.3389,3.2893,1825.0,2831.0,5277.0,8218.3333,78.05,12.667,5.167,3.5,0.0
2007-07-09,1180.158,172.422,240.6176,3.5162,923.0,594.0,9386.0,8766.3,78.05,12.667,5.167,3.5,0.0
2007-07-10,908.324,176.244,239.9831,2.7861,67.0,2227.0,4631.0,8213.7333,78.05,12.667,5.167,3.5,0.0
2007-07-11,722.352,153.856,241.03,2.1994,1015.0,647.0,5284.0,5093.2,78.05,12.667,5.167,3.5,0.0
2007-07-12,1069.582,209.098,240.7646,3.2336,1029.0,2550.0,6419.0,7828.3667,78.05,12.667,5.167,3.5,0.0
2007-07-13,794.382,206.694,240.8548,2.4508,0.0,633.0,4427.0,8179.7,78.05,12.667,5.167,3.5,0.0
2007-07-14,1288.17,258.45,241.2919,3.894,3775.0,1968.0,6604.0,9122.5,78.05,12.667,5.167,3.5,0.0
2007-07-15,1037.18,294.77,240.565,3.2301,862.0,632.0,5585.0,10207.3333,78.05,12.667,5.167,3.5,0.0
2007-07-16,853.674,233.96,236.5072,2.6606,830.0,695.0,4176.0,8526.9,78.05,12.667,5.167,3.5,0.0
2007-07-17,719.632,176.088,234.7413,2.2762,848.0,694.0,3335.0,7116.8667,78.05,12.667,5.167,3.5,0.0
2007-07-18,757.082,156.514,231.0882,2.3868,909.0,671.0,4628.0,6410.0333,78.05,12.667,5.167,3.5,0.0
2007-07-19,677.886,187.012,234.2619,2.1439,1068.0,703.0,3130.0,6397.1,78.05,12.667,5.167,3.5,0.0
2007-07-20,1110.422,223.118,235.5689,3.4517,2111.0,2418.0,4765.0,9213.0333,78.05,12.667,5.167,3.5,0.0
2007-07-21,1060.248,236.158,234.2566,3.2915,428.0,512.0,7756.0,8974.8,78.05,12.667,5.167,3.5,0.0
2007-07-22,1377.26,218.756,235.9621,4.2285,7091.0,2136.0,5573.0,8154.3333,78.05,12.667,5.167,3.5,0.0
2007-07-23,991.018,143.77,234.5009,3.076,1747.0,1288.0,3847.0,9634.9667,78.05,12.667,5.167,3.5,0.0
2007-07-24,825.284,112.81,235.363,2.551,0.0,1607.0,5599.0,6548.7333,78.05,12.667,5.167,3.5,0.0
2007-07-25,472.56,108.234,235.641,1.4793,0.0,151.0,2333.0,5392.0,78.05,12.667,5.167,3.5,0.0
2007-07-26,924.5,115.092,234.9437,2.8382,975.0,3633.0,4346.0,6454.3333,78.05,12.667,5.167,3.5,0.0
2007-07-27,1202.514,120.456,235.5537,3.6233,1837.0,49.0,7157.0,10998.9,78.05,12.667,5.167,3.5,0.0
2007-07-28,1621.862,178.73,235.5072,4.9417,907.0,10265.0,6559.0,9300.0333,78.05,12.667,5.167,3.5,0.0
2007-07-29,321.116,118.576,235.712,1.0335,0.0,0.0,1288.0,4063.9333,78.05,12.667,5.167,3.5,0.0
2007-07-30,466.816,129.492,235.5302,1.4672,0.0,0.0,2528.0,5252.2667,78.05,12.667,5.167,3.5,0.0
2007-07-31,812.332,145.786,234.9148,2.5025,3277.0,0.0,3575.0,6686.8667,78.05,12.667,5.167,3.5,0.0
2007-08-01,1064.496,145.16,235.0311,3.2206,1583.0,0.0,9812.0,6346.6,144.96,13.8,7.2,4.4,0.0
2007-08-02,1019.416,144.954,234.8566,3.0871,482.0,0.0,6869.0,9639.2667,144.96,13.8,7.2,4.4,0.0
2007-08-03,1063.364,125.388,234.4856,3.2072,958.0,0.0,9139.0,7625.7333,144.96,13.8,7.2,4.4,0.0
2007-08-04,1144.99,139.226,235.2572,3.4524,552.0,398.0,7966.0,10167.1667,144.96,13.8,7.2,4.4,0.0
2007-08-05,787.098,151.254,235.1153,2.4368,169.0,0.0,6647.0,6302.3,144.96,13.8,7.2,4.4,0.0
2007-08-06,1089.72,154.434,234.7027,3.3171,1096.0,0.0,7985.0,9081.0,144.96,13.8,7.2,4.4,0.0
2007-08-07,1483.58,131.182,234.5539,4.426,437.0,2168.0,9042.0,13079.3333,144.96,13.8,7.2,4.4,0.0
2007-08-08,1125.482,119.096,234.5124,3.3806,1055.0,1111.0,9660.0,6932.0333,144.96,13.8,7.2,4.4,0.0
2007-08-09,1071.68,109.474,234.2144,3.2724,182.0,4515.0,6646.0,6518.3333,144.96,13.8,7.2,4.4,0.0
2007-08-10,1028.01,117.656,234.4888,3.1297,336.0,2651.0,8287.0,5859.5,144.96,13.8,7.2,4.4,0.0
2007-08-11,1091.65,115.77,234.9802,3.2857,1180.0,910.0,10339.0,5765.1667,144.96,13.8,7.2,4.4,0.0
2007-08-12,1241.904,127.776,235.6649,3.7428,1123.0,1156.0,8582.0,9837.4,144.96,13.8,7.2,4.4,0.0
2007-08-13,1153.012,130.94,235.2166,3.4488,93.0,476.0,11101.0,7546.8667,144.96,13.8,7.2,4.4,0.0
2007-08-14,941.19,132.01,237.0764,2.8542,951.0,685.0,6256.0,7794.5,144.96,13.8,7.2,4.4,0.0
2007-08-15,1191.86,159.764,239.9934,3.5421,338.0,508.0,9787.0,9231.3333,144.96,13.8,7.2,4.4,0.0
2007-08-16,958.496,131.532,239.7377,2.8439,962.0,0.0,7476.0,7536.9333,144.96,13.8,7.2,4.4,0.0
2007-08-17,1009.892,127.388,240.494,2.9815,244.0,0.0,7769.0,8818.5333,144.96,13.8,7.2,4.4,0.0
2007-08-18,347.96,119.24,241.2796,1.0789,0.0,0.0,1830.0,3969.3333,144.96,13.8,7.2,4.4,0.0
2007-08-19,1422.294,160.018,239.9537,4.2619,1025.0,8912.0,5989.0,7778.9,144.96,13.8,7.2,4.4,0.0
2007-08-20,1338.842,155.88,241.3007,3.9633,1032.0,6965.0,7383.0,6934.0333,144.96,13.8,7.2,4.4,0.0
2007-08-21,642.556,157.308,240.5731,1.9611,0.0,38.0,3296.0,7375.2667,144.96,13.8,7.2,4.4,0.0
2007-08-22,1209.808,154.288,240.8173,3.5712,3048.0,1836.0,7241.0,8038.4667,144.96,13.8,7.2,4.4,0.0
2007-08-23,1112.312,157.954,240.6473,3.3303,2502.0,259.0,5342.0,10435.5333,144.96,13.8,7.2,4.4,0.0
2007-08-24,1656.504,262.812,240.4948,4.9361,1891.0,3784.0,9944.0,11989.4,144.96,13.8,7.2,4.4,0.0
2007-08-25,1150.88,272.548,239.8598,3.5538,4149.0,2191.0,5678.0,7163.3333,144.96,13.8,7.2,4.4,0.0
2007-08-26,1314.906,299.388,239.9509,4.0126,1541.0,3645.0,5658.0,11071.1,144.96,13.8,7.2,4.4,0.0
2007-08-27,1211.73,299.084,239.9236,3.6912,2305.0,1229.0,6344.0,10317.5,144.96,13.8,7.2,4.4,0.0
2007-08-28,997.004,181.114,239.5499,2.9961,1038.0,2468.0,5483.0,7627.7333,144.96,13.8,7.2,4.4,0.0
2007-08-29,747.992,175.426,240.745,2.2796,957.0,562.0,4932.0,6015.5333,144.96,13.8,7.2,4.4,0.0
2007-08-30,1202.458,191.048,240.5732,3.6043,3822.0,2580.0,4221.0,9417.9667,144.96,13.8,7.2,4.4,0.0
2007-08-31,1279.822,187.256,239.9857,3.7885,1200.0,666.0,8738.0,10726.3667,144.96,13.8,7.2,4.4,0.0
2007-09-01,1701.486,289.846,239.3557,5.0654,2497.0,569.0,9733.0,15559.1,18.3,4.667,1.333,0.0,0.0
2007-09-02,1662.468,231.598,240.0453,5.0172,3613.0,1617.0,8806.0,13671.8,18.3,4.667,1.333,0.0,0.0
2007-09-03,1038.922,188.422,239.6203,3.1307,621.0,2515.0,5323.0,8856.3667,18.3,4.667,1.333,0.0,0.0
2007-09-04,1584.944,179.626,239.6597,4.756,2928.0,3501.0,9821.0,10165.7333,18.3,4.667,1.333,0.0,0.0
2007-09-05,1236.572,148.864,239.1482,3.6976,0.0,4144.0,6705.0,9760.5333,18.3,4.667,1.333,0.0,0.0
2007-09-06,901.474,172.026,239.34,2.7522,0.0,3888.0,3461.0,7675.5667,18.3,4.667,1.333,0.0,0.0
2007-09-07,1336.496,181.738,239.0317,4.0072,3632.0,551.0,9388.0,8703.9333,18.3,4.667,1.333,0.0,0.0
2007-09-08,1469.752,186.33,239.7304,4.3919,3339.0,1801.0,9164.0,10191.8667,18.3,4.667,1.333,0.0,0.0
2007-09-09,1679.502,209.152,238.9221,5.054,2184.0,4438.0,9233.0,12136.7,18.3,4.667,1.333,0.0,0.0
2007-09-10,1117.376,177.498,239.3887,3.3638,935.0,595.0,5613.0,11479.9333,18.3,4.667,1.333,0.0,0.0
2007-09-11,983.572,151.764,240.072,2.9521,943.0,550.0,5792.0,9107.8667,18.3,4.667,1.333,0.0,0.0
2007-09-12,1287.764,171.794,240.0151,3.86,0.0,3217.0,7755.0,10490.7333,18.3,4.667,1.333,0.0,0.0
2007-09-13,1146.382,165.958,239.3098,3.4644,1175.0,2523.0,3853.0,11555.3667,18.3,4.667,1.333,0.0,0.0
2007-09-14,1135.47,183.126,239.3019,3.4447,901.0,676.0,5804.0,11543.5,18.3,4.667,1.333,0.0,0.0
2007-09-15,1095.312,184.466,240.002,3.2782,0.0,1449.0,6464.0,10342.2,18.3,4.667,1.333,0.0,0.0
2007-09-16,1652.224,192.352,239.5605,4.9662,3118.0,3064.0,9310.0,12045.0667,18.3,4.667,1.333,0.0,0.0
2007-09-17,1461.186,202.314,239.2148,4.4135,6651.0,926.0,6279.0,10497.1,18.3,4.667,1.333,0.0,0.0
2007-09-18,1167.52,147.132,238.2607,3.5128,1888.0,2029.0,5425.0,10116.6667,18.3,4.667,1.333,0.0,0.0
2007-09-19,1298.684,151.794,240.3052,3.8833,0.0,2743.0,7937.0,10964.7333,18.3,4.667,1.333,0.0,0.0
2007-09-20,1255.532,132.908,239.715,3.721,1056.0,489.0,9996.0,9384.5333,18.3,4.667,1.333,0.0,0.0
2007-09-21,1238.78,152.834,239.3815,3.7326,3130.0,2745.0,6316.0,8455.3333,18.3,4.667,1.333,0.0,0.0
2007-09-22,1176.172,183.432,239.483,3.5151,944.0,1311.0,7688.0,9659.8667,18.3,4.667,1.333,0.0,0.0
2007-09-23,1417.97,242.974,239.5004,4.28,2831.0,1929.0,7382.0,11490.8333,18.3,4.667,1.333,0.0,0.0
2007-09-24,1354.53,197.624,238.6006,4.0787,929.0,3935.0,7955.0,9756.5,18.3,4.667,1.333,0.0,0.0
2007-09-25,1764.342,130.078,238.0996,5.2064,916.0,2253.0,9820.0,16416.7,18.3,4.667,1.333,0.0,0.0
2007-09-26,1829.532,169.228,239.4198,5.391,1058.0,9417.0,5695.0,14322.2,18.3,4.667,1.333,0.0,0.0
2007-09-27,1392.6,150.71,239.5671,4.0778,1066.0,643.0,7324.0,14177.0,18.3,4.667,1.333,0.0,0.0
2007-09-28,1680.498,222.718,239.4624,4.9942,996.0,3722.0,9952.0,13338.3,18.3,4.667,1.333,0.0,0.0
2007-09-29,2296.522,182.122,239.1401,6.7932,4085.0,7457.0,8190.0,18543.3667,18.3,4.667,1.333,0.0,0.0
2007-09-30,1516.29,163.588,240.0648,4.4525,1405.0,582.0,10225.0,13059.5,18.3,4.667,1.333,0.0,0.0
2007-10-01,1720.922,146.734,239.2399,5.0737,1507.0,6622.0,5960.0,14593.0333,59.88,4.6,3.6,2.4,0.4
2007-10-02,2198.864,161.828,238.4938,6.474,508.0,8022.0,12815.0,15302.7333,59.88,4.6,3.6,2.4,0.4
2007-10-03,1280.454,157.738,239.2611,3.8,979.0,5024.0,3692.0,11645.9,59.88,4.6,3.6,2.4,0.4
2007-10-04,1518.458,138.448,239.2051,4.4546,2400.0,444.0,9710.0,12753.6333,59.88,4.6,3.6,2.4,0.4
2007-10-05,1394.092,150.636,238.8271,4.0897,0.0,351.0,9425.0,13458.8667,59.88,4.6,3.6,2.4,0.4
2007-10-06,1756.24,186.192,238.3807,5.1676,4840.0,347.0,9666.0,14417.6667,59.88,4.6,3.6,2.4,0.4
2007-10-07,2106.114,153.178,238.8263,6.2079,2498.0,8255.0,10886.0,13462.9,59.88,4.6,3.6,2.4,0.4
2007-10-08,1095.242,121.896,239.0965,3.2311,0.0,420.0,5082.0,12752.0333,59.88,4.6,3.6,2.4,0.4
2007-10-09,1687.858,159.802,238.8791,4.9824,2034.0,2147.0,9290.0,14659.9667,59.88,4.6,3.6,2.4,0.4
2007-10-10,1166.972,132.752,239.4212,3.4886,1863.0,2117.0,3345.0,12124.5333,59.88,4.6,3.6,2.4,0.4
2007-10-11,1732.446,153.108,238.4442,5.109,2630.0,414.0,7806.0,18024.1,59.88,4.6,3.6,2.4,0.4
2007-10-12,1914.504,137.984,238.4813,5.6671,1020.0,5028.0,11659.0,14201.4,59.88,4.6,3.6,2.4,0.4
2007-10-13,1926.728,125.204,238.7654,5.7007,969.0,3799.0,8463.0,18881.1333,59.88,4.6,3.6,2.4,0.4
2007-10-14,2061.252,150.05,239.101,6.0787,2930.0,7494.0,7126.0,16804.2,59.88,4.6,3.6,2.4,0.4
2007-10-15,1266.33,118.182,239.2927,3.7219,1061.0,339.0,7654.0,12051.5,59.88,4.6,3.6,2.4,0.4
2007-10-16,1964.442,185.414,238.8626,5.8232,0.0,7871.0,9876.0,14993.7,59.88,4.6,3.6,2.4,0.4
2007-10-17,1576.93,136.4,239.1921,4.6369,1065.0,453.0,8968.0,15796.1667,59.88,4.6,3.6,2.4,0.4
2007-10-18,1518.53,122.5,239.8003,4.4338,1162.0,317.0,9864.0,13965.8333,59.88,4.6,3.6,2.4,0.4
2007-10-19,2085.648,121.478,239.6522,6.1032,1299.0,3124.0,11648.0,18689.8,59.88,4.6,3.6,2.4,0.4
2007-10-20,1660.246,139.544,241.8248,4.8147,2363.0,296.0,13225.0,11786.7667,59.88,4.6,3.6,2.4,0.4
2007-10-21,1941.94,154.028,241.4907,5.7017,3712.0,4357.0,7313.0,16983.6667,59.88,4.6,3.6,2.4,0.4
2007-10-22,1652.896,116.41,240.5454,4.8058,0.0,299.0,13027.0,14222.2667,59.88,4.6,3.6,2.4,0.4
2007-10-23,1958.404,128.3,241.2323,5.715,1067.0,5186.0,10680.0,15707.0667,59.88,4.6,3.6,2.4,0.4
2007-10-24,1865.636,146.782,240.8083,5.4732,4459.0,364.0,9115.0,17155.9333,59.88,4.6,3.6,2.4,0.4
2007-10-25,1853.918,132.2,240.4726,5.4136,1478.0,2433.0,7385.0,19602.6333,59.88,4.6,3.6,2.4,0.4
2007-10-26,1437.568,109.676,240.6809,4.3658,0.0,348.0,5766.0,17845.4667,59.88,4.6,3.6,2.4,0.4
2007-10-27,1785.688,109.186,240.2012,5.3092,1374.0,4856.0,8949.0,14582.4667,59.88,4.6,3.6,2.4,0.4
2007-10-28,512.158,92.298,240.8661,1.4853,0.0,283.0,1765.0,6487.9667,59.88,4.6,3.6,2.4,0.4
2007-10-29,545.428,86.998,241.1933,1.5744,0.0,269.0,2749.0,6072.4667,59.88,4.6,3.6,2.4,0.4
2007-10-30,811.008,89.84,240.6259,2.3514,0.0,1935.0,4256.0,7325.8,59.88,4.6,3.6,2.4,0.4
2007-10-31,1283.21,107.2,240.339,3.7424,0.0,4700.0,8915.0,7771.8333,59.88,4.6,3.6,2.4,0.4
2007-11-01,496.216,85.046,240.9384,1.436,0.0,293.0,1991.0,5986.2667,37.75,8.0,2.833,0.0,0.0
2007-11-02,1443.602,93.362,239.349,4.2026,1346.0,2115.0,12245.0,8354.0333,37.75,8.0,2.833,0.0,0.0
2007-11-03,492.55,88.124,240.1905,1.4343,0.0,282.0,1936.0,5991.1667,37.75,8.0,2.833,0.0,0.0
2007-11-04,1485.686,138.802,240.2055,4.384,0.0,4387.0,7068.0,13306.4333,37.75,8.0,2.833,0.0,0.0
2007-11-05,1500.592,131.35,239.6591,4.3962,1265.0,397.0,6583.0,16764.8667,37.75,8.0,2.833,0.0,0.0
2007-11-06,2082.378,200.526,238.702,6.1499,1105.0,5515.0,10690.0,17396.3,37.75,8.0,2.833,0.0,0.0
2007-11-07,1844.758,193.52,239.5649,5.4811,5042.0,301.0,6374.0,19028.9667,37.75,8.0,2.833,0.0,0.0
2007-11-08,1501.06,134.698,240.7526,4.435,1715.0,314.0,6500.0,16488.6667,37.75,8.0,2.833,0.0,0.0
2007-11-09,2171.226,113.242,238.7154,6.3672,0.0,4573.0,15375.0,16239.1,37.75,8.0,2.833,0.0,0.0
2007-11-10,2611.6,237.652,239.1104,7.7069,3697.0,304.0,13767.0,25758.6667,37.75,8.0,2.833,0.0,0.0
2007-11-11,1887.124,185.61,240.2603,5.5406,3445.0,320.0,6024.0,21663.0667,37.75,8.0,2.833,0.0,0.0
2007-11-12,2156.146,137.468,239.8256,6.2719,1018.0,4165.0,13281.0,17471.7667,37.75,8.0,2.833,0.0,0.0
2007-11-13,2214.398,140.952,241.123,6.4535,978.0,4933.0,11076.0,19919.6333,37.75,8.0,2.833,0.0,0.0
2007-11-14,2047.994,141.59,239.946,5.9407,1055.0,295.0,16345.0,16438.2333,37.75,8.0,2.833,0.0,0.0
2007-11-15,1491.988,133.066,239.985,4.3964,1606.0,571.0,7503.0,15186.4667,37.75,8.0,2.833,0.0,0.0
2007-11-16,2309.754,123.978,240.9835,6.7181,1991.0,4660.0,13564.0,18280.9,37.75,8.0,2.833,0.0,0.0
2007-11-17,2610.094,168.03,240.6034,7.5989,2588.0,2199.0,14990.0,23724.5667,37.75,8.0,2.833,0.0,0.0
2007-11-18,2183.858,161.762,242.2605,6.3476,5201.0,2097.0,7066.0,22033.6333,37.75,8.0,2.833,0.0,0.0
2007-11-19,1723.654,112.03,242.7664,5.0062,1089.0,253.0,10750.0,16635.5667,37.75,8.0,2.833,0.0,0.0
2007-11-20,2095.856,124.832,241.3388,6.0904,1015.0,3954.0,11026.0,18935.9333,37.75,8.0,2.833,0.0,0.0
2007-11-21,1755.212,131.612,241.4951,5.1211,1141.0,549.0,9473.0,18090.5333,37.75,8.0,2.833,0.0,0.0
2007-11-22,1932.378,143.108,241.565,5.6562,2867.0,297.0,9001.0,20041.3,37.75,8.0,2.833,0.0,0.0
2007-11-23,2522.618,138.912,240.7224,7.3407,2168.0,6181.0,13685.0,20009.6333,37.75,8.0,2.833,0.0,0.0
2007-11-24,1899.054,150.512,241.8027,5.5126,1573.0,4131.0,13451.0,12495.9,37.75,8.0,2.833,0.0,0.0
2007-11-25,1395.598,122.776,242.6612,4.0867,3556.0,279.0,5678.0,13746.9667,37.75,8.0,2.833,0.0,0.0
2007-11-26,1569.716,117.05,241.1165,4.6014,1088.0,288.0,8926.0,15859.9333,37.75,8.0,2.833,0.0,0.0
2007-11-27,2801.012,139.994,241.3211,8.1562,1063.0,11020.0,15111.0,19489.5333,37.75,8.0,2.833,0.0,0.0
2007-11-28,1644.94,115.442,242.8948,4.7756,1182.0,769.0,7810.0,17654.6667,37.75,8.0,2.833,0.0,0.0
2007-11-29,1719.452,118.71,242.7323,5.0157,2031.0,283.0,8818.0,17525.5333,37.75,8.0,2.833,0.0,0.0
2007-11-30,2331.728,147.28,243.4878,6.7572,0.0,7941.0,13601.0,17320.1333,37.75,8.0,2.833,0.0,0.0
2007-12-01,3134.942,288.892,240.2661,9.1915,9356.0,353.0,17847.0,24693.0333,53.283,9.167,4.333,1.167,0.0
2007-12-02,2946.188,325.082,240.73,8.6186,2090.0,6915.0,10636.0,29462.1333,53.283,9.167,4.333,1.167,0.0
2007-12-03,1762.06,131.914,241.0796,5.1656,1141.0,299.0,10428.0,17499.6667,53.283,9.167,4.333,1.167,0.0
2007-12-04,2067.636,145.016,241.536,6.0451,1012.0,5828.0,8561.0,19059.6,53.283,9.167,4.333,1.167,0.0
2007-12-05,2153.12,178.398,241.2279,6.3482,3422.0,295.0,10919.0,21249.3333,53.283,9.167,4.333,1.167,0.0
2007-12-06,2487.934,161.936,239.7101,7.3379,4751.0,318.0,11908.0,24488.5667,53.283,9.167,4.333,1.167,0.0
2007-12-07,1769.016,147.64,240.671,5.1579,459.0,3710.0,10263.0,15051.6,53.283,9.167,4.333,1.167,0.0
2007-12-08,2213.404,154.34,239.5599,6.5081,1133.0,2354.0,12283.0,21120.0667,53.283,9.167,4.333,1.167,0.0
2007-12-09,2274.584,200.936,239.9151,6.7015,4176.0,2428.0,8728.0,22577.7333,53.283,9.167,4.333,1.167,0.0
2007-12-10,1758.754,125.012,241.9038,5.1746,1102.0,278.0,8281.0,19651.5667,53.283,9.167,4.333,1.167,0.0
2007-12-11,2305.104,133.698,241.4602,6.7122,1050.0,3817.0,12740.0,20811.4,53.283,9.167,4.333,1.167,0.0
2007-12-12,1588.062,116.886,242.4763,4.5911,1152.0,254.0,7759.0,17302.7,53.283,9.167,4.333,1.167,0.0
2007-12-13,1847.746,111.49,241.8273,5.4196,1103.0,1448.0,8911.0,19333.7667,53.283,9.167,4.333,1.167,0.0
2007-12-14,1974.808,179.55,241.9859,5.7578,980.0,3849.0,12941.0,15143.4667,53.283,9.167,4.333,1.167,0.0
2007-12-15,2736.876,157.626,241.2806,7.98,1706.0,3687.0,14313.0,25908.6,53.283,9.167,4.333,1.167,0.0
2007-12-16,2762.218,126.938,242.685,7.9922,3410.0,2281.0,12929.0,27416.9667,53.283,9.167,4.333,1.167,0.0
2007-12-17,1798.422,105.194,242.6257,5.1897,1636.0,243.0,10567.0,17527.7,53.283,9.167,4.333,1.167,0.0
2007-12-18,2623.194,144.08,242.94,7.6021,1123.0,5810.0,11093.0,25693.9,53.283,9.167,4.333,1.167,0.0
2007-12-19,2196.052,109.336,242.7011,6.3344,1233.0,2658.0,11679.0,21030.8667,53.283,9.167,4.333,1.167,0.0
2007-12-20,1949.758,119.434,243.1679,5.6133,1859.0,276.0,13592.0,16768.9667,53.283,9.167,4.333,1.167,0.0
2007-12-21,1982.576,106.47,242.8816,5.7137,1191.0,200.0,12251.0,19400.9333,53.283,9.167,4.333,1.167,0.0
2007-12-22,2611.264,141.314,242.1455,7.5935,3819.0,4550.0,12673.0,22479.0667,53.283,9.167,4.333,1.167,0.0
2007-12-23,2409.048,176.272,242.5579,6.9828,1971.0,3091.0,11962.0,23126.8,53.283,9.167,4.333,1.167,0.0
2007-12-24,2257.848,149.754,242.6504,6.5497,2985.0,2316.0,14350.0,17979.8,53.283,9.167,4.333,1.167,0.0
2007-12-25,2694.968,151.812,242.9809,7.791,4588.0,3368.0,9084.0,27876.1333,53.283,9.167,4.333,1.167,0.0
2007-12-26,2580.28,140.314,242.3924,7.4261,1109.0,2773.0,9480.0,29642.6667,53.283,9.167,4.333,1.167,0.0
2007-12-27,2532.198,190.582,242.1116,7.3958,4122.0,1490.0,7960.0,28631.3,53.283,9.167,4.333,1.167,0.0
2007-12-28,3113.052,206.8,242.2845,9.0306,1980.0,8554.0,15823.0,25527.2,53.283,9.167,4.333,1.167,0.0
2007-12-29,3298.956,199.892,240.5507,9.56,4836.0,2434.0,14906.0,32806.6,53.283,9.167,4.333,1.167,0.0
2007-12-30,2558.916,178.436,242.0992,7.4657,3595.0,3597.0,13485.0,21971.6,53.283,9.167,4.333,1.167,0.0
2007-12-31,2216.542,145.536,241.0948,6.455,0.0,3457.0,14071.0,19414.3667,53.283,9.167,4.333,1.167,0.0
2008-01-01,2759.738,142.508,241.0367,7.9786,2461.0,2739.0,12355.0,28440.6333,55.36,10.4,3.2,2.0,0.2
2008-01-02,1644.106,111.666,242.4175,4.7704,0.0,3094.0,8987.0,15320.7667,55.36,10.4,3.2,2.0,0.2
2008-01-03,1510.108,121.182,243.0775,4.4017,1130.0,846.0,6671.0,16521.4667,55.36,10.4,3.2,2.0,0.2
2008-01-04,2291.852,136.706,241.2734,6.7151,1241.0,5326.0,11752.0,19878.5333,55.36,10.4,3.2,2.0,0.2
2008-01-05,2183.248,129.464,238.8229,6.4468,2113.0,286.0,14591.0,19397.4667,55.36,10.4,3.2,2.0,0.2
2008-01-06,1825.184,116.958,239.4073,5.3901,1966.0,2445.0,7824.0,18184.7333,55.36,10.4,3.2,2.0,0.2
2008-01-07,1695.814,116.172,240.7439,4.9153,1288.0,282.0,10294.0,16399.5667,55.36,10.4,3.2,2.0,0.2
2008-01-08,2043.55,127.452,240.8218,5.99,2197.0,3511.0,9793.0,18558.1667,55.36,10.4,3.2,2.0,0.2
2008-01-09,1788.44,125.336,241.2586,5.2319,1162.0,284.0,8963.0,19398.3333,55.36,10.4,3.2,2.0,0.2
2008-01-10,1894.076,120.504,240.8071,5.5946,1307.0,285.0,9992.0,19983.9333,55.36,10.4,3.2,2.0,0.2
2008-01-11,1705.818,95.484,240.41,4.9635,1261.0,290.0,7997.0,18882.3,55.36,10.4,3.2,2.0,0.2
2008-01-12,2871.408,162.724,239.9602,8.5239,5594.0,2621.0,11116.0,28525.8,55.36,10.4,3.2,2.0,0.2
2008-01-13,2886.11,144.786,239.747,8.4568,6505.0,341.0,9379.0,31876.8333,55.36,10.4,3.2,2.0,0.2
2008-01-14,2024.932,120.11,240.299,6.0146,5918.0,339.0,9738.0,17753.8667,55.36,10.4,3.2,2.0,0.2
2008-01-15,2686.912,113.144,240.7095,7.8912,782.0,6883.0,14512.0,22604.8667,55.36,10.4,3.2,2.0,0.2
2008-01-16,2135.852,128.93,240.4221,6.3196,1162.0,3430.0,9391.0,21614.5333,55.36,10.4,3.2,2.0,0.2
2008-01-17,1572.282,116.718,241.628,4.645,1007.0,350.0,8657.0,16190.7,55.36,10.4,3.2,2.0,0.2
2008-01-18,2186.988,119.29,239.9329,6.4322,1034.0,846.0,14983.0,19586.8,55.36,10.4,3.2,2.0,0.2
2008-01-19,1980.306,134.982,239.6059,5.8289,2521.0,6054.0,8015.0,16415.1,55.36,10.4,3.2,2.0,0.2
2008-01-20,1740.368,138.614,239.9445,5.1489,1775.0,380.0,4940.0,21911.1333,55.36,10.4,3.2,2.0,0.2
2008-01-21,1858.998,122.4,239.5648,5.519,0.0,376.0,10447.0,20160.3,55.36,10.4,3.2,2.0,0.2
2008-01-22,2325.018,143.462,240.0948,6.9288,4670.0,7640.0,7552.0,18888.3,55.36,10.4,3.2,2.0,0.2
2008-01-23,1882.308,107.984,240.907,5.5203,1116.0,387.0,13359.0,16509.8,55.36,10.4,3.2,2.0,0.2
2008-01-24,1645.022,104.306,240.7792,4.8879,1107.0,320.0,5935.0,20055.0333,55.36,10.4,3.2,2.0,0.2
2008-01-25,2239.856,119.626,240.7054,6.544,0.0,2421.0,11409.0,23500.9333,55.36,10.4,3.2,2.0,0.2
2008-01-26,2834.988,168.422,239.7602,8.3667,4925.0,311.0,15606.0,26407.8,55.36,10.4,3.2,2.0,0.2
2008-01-27,2381.766,140.758,241.3037,6.9849,3725.0,3818.0,7367.0,24786.1,55.36,10.4,3.2,2.0,0.2
2008-01-28,2308.196,107.836,240.4668,6.7696,1142.0,280.0,12792.0,24255.9333,55.36,10.4,3.2,2.0,0.2
2008-01-29,2676.024,117.176,240.6231,7.8422,1487.0,6199.0,11077.0,25837.4,55.36,10.4,3.2,2.0,0.2
2008-01-30,1640.646,116.47,241.6147,4.8264,0.0,261.0,7261.0,19822.1,55.36,10.4,3.2,2.0,0.2
2008-01-31,1953.922,137.576,241.8857,5.7933,1165.0,267.0,9437.0,21696.3667,55.36,10.4,3.2,2.0,0.2
2008-02-01,1534.652,179.25,240.3603,4.5176,336.0,280.0,7241.0,17720.5333,27.933,7.833,1.667,0.833,0.0
2008-02-02,2940.438,231.426,240.2892,8.6562,6286.0,2764.0,15206.0,24751.3,27.933,7.833,1.667,0.833,0.0
2008-02-03,2084.568,153.708,240.3407,6.1357,2319.0,4435.0,8452.0,19536.8,27.933,7.833,1.667,0.833,0.0
2008-02-04,1628.138,104.034,240.2552,4.7772,1161.0,252.0,9531.0,16191.6333,27.933,7.833,1.667,0.833,0.0
2008-02-05,2472.456,152.786,240.9769,7.2106,1098.0,7803.0,13717.0,18589.6,27.933,7.833,1.667,0.833,0.0
2008-02-06,1669.54,114.26,238.4137,4.9336,2114.0,356.0,8428.0,16927.6667,27.933,7.833,1.667,0.833,0.0
2008-02-07,1518.31,108.706,241.0705,4.4393,0.0,295.0,8089.0,16921.1667,27.933,7.833,1.667,0.833,0.0
2008-02-08,1950.564,119.094,240.4331,5.7472,940.0,1921.0,9563.0,20085.4,27.933,7.833,1.667,0.833,0.0
2008-02-09,2102.276,144.528,241.7645,6.09,2050.0,2838.0,10293.0,19856.9333,27.933,7.833,1.667,0.833,0.0
2008-02-10,2184.714,151.736,241.2752,6.3968,2562.0,2955.0,10128.0,20766.9,27.933,7.833,1.667,0.833,0.0
2008-02-11,1692.016,102.246,241.6922,4.9318,1018.0,297.0,8930.0,17955.2667,27.933,7.833,1.667,0.833,0.0
2008-02-12,1987.798,130.946,239.5092,5.8471,2009.0,1856.0,12138.0,17126.9667,27.933,7.833,1.667,0.833,0.0
2008-02-13,1900.498,128.478,241.2031,5.5801,2530.0,3615.0,7568.0,17961.9667,27.933,7.833,1.667,0.833,0.0
2008-02-14,1604.622,113.646,240.7648,4.6838,1300.0,291.0,9299.0,15853.7,27.933,7.833,1.667,0.833,0.0
2008-02-15,2005.208,107.952,241.8906,5.7812,1109.0,1723.0,13417.0,17171.1333,27.933,7.833,1.667,0.833,0.0
2008-02-16,2346.948,138.994,241.0876,6.8939,1076.0,2360.0,11599.0,24080.8,27.933,7.833,1.667,0.833,0.0
2008-02-17,1933.368,120.076,242.4698,5.6544,3182.0,2257.0,6049.0,20734.8,27.933,7.833,1.667,0.833,0.0
2008-02-18,1514.404,101.972,242.0639,4.3762,0.0,251.0,10345.0,14644.0667,27.933,7.833,1.667,0.833,0.0
2008-02-19,2126.916,137.568,241.0101,6.2197,1881.0,4711.0,11200.0,17656.6,27.933,7.833,1.667,0.833,0.0
2008-02-20,2253.79,190.268,241.6697,6.6083,3655.0,5516.0,7704.0,20688.1667,27.933,7.833,1.667,0.833,0.0
2008-02-21,1633.85,112.274,240.7504,4.7885,0.0,307.0,8523.0,18400.8333,27.933,7.833,1.667,0.833,0.0
2008-02-22,1732.564,121.688,241.4358,5.0553,1167.0,1985.0,10101.0,15623.0667,27.933,7.833,1.667,0.833,0.0
2008-02-23,1836.474,132.504,239.6687,5.4112,1684.0,2250.0,10074.0,16599.9,27.933,7.833,1.667,0.833,0.0
2008-02-24,1263.008,107.332,240.3778,3.6389,754.0,332.0,11447.0,8517.1333,27.933,7.833,1.667,0.833,0.0
2008-02-25,504.488,91.72,239.776,1.4556,0.0,321.0,1856.0,6231.1333,27.933,7.833,1.667,0.833,0.0
2008-02-26,507.12,84.59,239.5333,1.459,0.0,295.0,2013.0,6144.0,27.933,7.833,1.667,0.833,0.0
2008-02-27,566.72,86.168,239.554,1.6342,0.0,326.0,2969.0,6150.3333,27.933,7.833,1.667,0.833,0.0
2008-02-28,509.184,83.248,239.8043,1.4669,0.0,281.0,2028.0,6177.4,27.933,7.833,1.667,0.833,0.0
2008-02-29,1333.348,88.948,238.0385,3.8726,0.0,3773.0,8062.0,10387.4667,27.933,7.833,1.667,0.833,0.0
2008-03-01,1141.876,105.158,239.4315,3.2776,0.0,1287.0,2724.0,15020.2667,84.383,18.333,6.833,1.333,0.0
2008-03-02,1162.226,144.71,239.7462,3.425,0.0,5244.0,2565.0,11561.4333,84.383,18.333,6.833,1.333,0.0
2008-03-03,1040.55,114.334,240.352,2.9775,0.0,2207.0,1755.0,13380.5,84.383,18.333,6.833,1.333,0.0
2008-03-04,1668.99,108.958,241.0264,4.8676,1249.0,2443.0,9415.0,14709.5,84.383,18.333,6.833,1.333,0.0
2008-03-05,2037.208,140.898,241.0652,5.9708,1145.0,9797.0,5529.0,17482.4667,84.383,18.333,6.833,1.333,0.0
2008-03-06,2503.208,106.184,240.4292,7.2146,1082.0,372.0,6965.0,33301.1333,84.383,18.333,6.833,1.333,0.0
2008-03-07,1862.956,129.392,240.8161,5.4417,1235.0,3471.0,9033.0,17310.2667,84.383,18.333,6.833,1.333,0.0
2008-03-08,2248.66,237.08,241.591,6.5883,6286.0,346.0,8435.0,22410.6667,84.383,18.333,6.833,1.333,0.0
2008-03-09,1560.458,135.574,240.7464,4.5911,2607.0,333.0,4155.0,18912.6333,84.383,18.333,6.833,1.333,0.0
2008-03-10,1618.686,127.124,241.7273,4.7125,2009.0,368.0,8660.0,15941.1,84.383,18.333,6.833,1.333,0.0
2008-03-11,2200.042,151.1,240.4242,6.4669,1271.0,3901.0,12936.0,18559.3667,84.383,18.333,6.833,1.333,0.0
2008-03-12,1774.232,138.194,241.0572,5.1722,1120.0,2374.0,11042.0,15034.5333,84.383,18.333,6.833,1.333,0.0
2008-03-13,1675.514,128.474,240.8026,4.9417,3263.0,3590.0,5464.0,15608.2333,84.383,18.333,6.833,1.333,0.0
2008-03-14,2210.22,159.748,240.6274,6.4462,980.0,3881.0,14476.0,17500.0,84.383,18.333,6.833,1.333,0.0
2008-03-15,1576.3,154.412,240.198,4.6507,2550.0,502.0,5910.0,17309.6667,84.383,18.333,6.833,1.333,0.0
2008-03-16,1801.96,173.652,241.2947,5.2983,2394.0,566.0,11286.0,15786.6667,84.383,18.333,6.833,1.333,0.0
2008-03-17,1706.918,175.274,240.8052,5.0069,236.0,6651.0,9346.0,12215.6333,84.383,18.333,6.833,1.333,0.0
2008-03-18,1917.566,147.44,241.929,5.5719,1156.0,4019.0,12544.0,14240.4333,84.383,18.333,6.833,1.333,0.0
2008-03-19,1308.448,142.498,242.4022,3.8256,2110.0,411.0,6154.0,13132.4667,84.383,18.333,6.833,1.333,0.0
2008-03-20,1253.274,120.854,241.7626,3.6596,1107.0,478.0,6670.0,12632.9,84.383,18.333,6.833,1.333,0.0
2008-03-21,2066.442,223.824,241.3699,6.0382,2171.0,4778.0,13275.0,14216.7,84.383,18.333,6.833,1.333,0.0
2008-03-22,2053.516,185.68,241.6122,6.0203,3322.0,588.0,12405.0,17910.2667,84.383,18.333,6.833,1.333,0.0
2008-03-23,2325.99,152.446,242.6526,6.7906,6279.0,2112.0,13878.0,16497.5,84.383,18.333,6.833,1.333,0.0
2008-03-24,1976.272,131.13,242.7058,5.7586,1131.0,5989.0,7026.0,18791.8667,84.383,18.333,6.833,1.333,0.0
2008-03-25,2015.856,127.832,242.1382,5.8706,2246.0,3677.0,13494.0,14180.6,84.383,18.333,6.833,1.333,0.0
2008-03-26,1633.472,133.598,242.8098,4.7631,2547.0,3831.0,7547.0,13299.5333,84.383,18.333,6.833,1.333,0.0
2008-03-27,1370.822,116.44,242.0955,3.9608,0.0,356.0,9022.0,13469.0333,84.383,18.333,6.833,1.333,0.0
2008-03-28,1885.424,137.64,242.3233,5.479,2325.0,3605.0,11581.0,13912.7333,84.383,18.333,6.833,1.333,0.0
2008-03-29,2471.15,175.068,241.2535,7.2093,5153.0,375.0,17240.0,18417.8333,84.383,18.333,6.833,1.333,0.0
2008-03-30,2146.392,175.97,241.1638,6.2775,5045.0,1315.0,9769.0,19644.2,84.383,18.333,6.833,1.333,0.0
2008-03-31,1377.57,130.86,242.727,4.006,1091.0,411.0,9387.0,12070.5,84.383,18.333,6.833,1.333,0.0
2008-04-01,2129.052,170.396,241.6158,6.2025,1079.0,6657.0,14515.0,13233.2,59.833,13.0,4.667,0.833,0.0
2008-04-02,1691.672,142.54,238.6672,5.0076,1106.0,3674.0,7989.0,15425.5333,59.833,13.0,4.667,0.833,0.0
2008-04-03,1128.756,121.236,240.6942,3.2808,0.0,422.0,6901.0,11489.6,59.833,13.0,4.667,0.833,0.0
2008-04-04,1631.918,125.306,241.3311,4.7264,2133.0,775.0,13246.0,11044.6333,59.833,13.0,4.667,0.833,0.0
2008-04-05,1970.762,203.684,240.558,5.7849,2929.0,874.0,13644.0,15399.0333,59.833,13.0,4.667,0.833,0.0
2008-04-06,1696.318,150.572,241.1496,4.9464,1124.0,2615.0,7552.0,16980.9667,59.833,13.0,4.667,0.833,0.0
2008-04-07,1538.838,141.28,243.2283,4.4842,2420.0,672.0,9466.0,13089.3,59.833,13.0,4.667,0.833,0.0
2008-04-08,2657.516,184.176,242.0666,7.6994,2752.0,10713.0,17519.0,13307.9333,59.833,13.0,4.667,0.833,0.0
2008-04-09,1218.852,132.864,242.3177,3.5229,0.0,376.0,9003.0,10935.2,59.833,13.0,4.667,0.833,0.0
2008-04-10,1477.746,163.68,241.949,4.3054,3261.0,457.0,6527.0,14384.1,59.833,13.0,4.667,0.833,0.0
2008-04-11,1877.664,143.89,240.7584,5.4526,1802.0,491.0,14522.0,14479.4,59.833,13.0,4.667,0.833,0.0
2008-04-12,2800.014,392.272,241.0632,8.2182,7076.0,2499.0,15225.0,21866.9,59.833,13.0,4.667,0.833,0.0
2008-04-13,2232.986,213.514,240.4233,6.5518,2554.0,5942.0,13007.0,15713.4333,59.833,13.0,4.667,0.833,0.0
2008-04-14,1589.582,154.958,242.3141,4.6043,0.0,425.0,11197.0,14871.0333,59.833,13.0,4.667,0.833,0.0
2008-04-15,1670.406,178.782,241.2387,4.9096,1174.0,3998.0,9874.0,12794.1,59.833,13.0,4.667,0.833,0.0
2008-04-16,1489.064,125.904,241.7444,4.3161,838.0,403.0,11322.0,12254.7333,59.833,13.0,4.667,0.833,0.0
2008-04-17,1395.862,145.878,241.4036,4.1043,1719.0,417.0,8638.0,12490.3667,59.833,13.0,4.667,0.833,0.0
2008-04-18,1862.39,184.646,240.6416,5.4576,2174.0,3832.0,10921.0,14112.8333,59.833,13.0,4.667,0.833,0.0
2008-04-19,2253.71,245.284,241.1432,6.6361,4319.0,2457.0,14722.0,16063.8333,59.833,13.0,4.667,0.833,0.0
2008-04-20,1791.418,227.854,241.4329,5.2606,1030.0,4544.0,10401.0,13881.9667,59.833,13.0,4.667,0.833,0.0
2008-04-21,1164.156,175.4,241.9925,3.4042,0.0,2673.0,6788.0,9941.6,59.833,13.0,4.667,0.833,0.0
2008-04-22,1627.676,193.15,240.9597,4.7725,971.0,5093.0,10603.0,10460.9333,59.833,13.0,4.667,0.833,0.0
2008-04-23,1357.328,189.502,241.5113,3.9675,1380.0,492.0,8406.0,12344.1333,59.833,13.0,4.667,0.833,0.0
2008-04-24,1043.772,171.924,240.6053,3.0581,1263.0,522.0,5296.0,10315.2,59.833,13.0,4.667,0.833,0.0
2008-04-25,1267.734,162.224,241.0072,3.7,824.0,2004.0,9400.0,8900.9,59.833,13.0,4.667,0.833,0.0
2008-04-26,903.166,168.696,240.7926,2.634,0.0,634.0,3586.0,10832.7667,59.833,13.0,4.667,0.833,0.0
2008-04-27,1008.24,198.118,240.9073,2.9638,693.0,588.0,5488.0,10035.0,59.833,13.0,4.667,0.833,0.0
2008-04-28,659.052,167.118,240.9785,1.9507,0.0,621.0,2786.0,7577.2,59.833,13.0,4.667,0.833,0.0
2008-04-29,1972.616,215.356,240.7069,5.7707,1402.0,5411.0,10481.0,15582.9333,59.833,13.0,4.667,0.833,0.0
2008-04-30,1101.726,171.556,241.4336,3.2186,1057.0,590.0,6653.0,10062.1,59.833,13.0,4.667,0.833,0.0
2008-05-01,576.014,150.696,241.4463,1.7024,0.0,530.0,2586.0,6484.2333,69.95,8.5,4.5,1.667,0.0
2008-05-02,1497.768,205.568,241.6489,4.3778,3114.0,584.0,8687.0,12577.8,69.95,8.5,4.5,1.667,0.0
2008-05-03,1289.6,202.004,240.8337,3.801,996.0,541.0,6535.0,13421.3333,69.95,8.5,4.5,1.667,0.0
2008-05-04,1470.97,209.422,241.3805,4.3625,2196.0,2872.0,5464.0,13984.1667,69.95,8.5,4.5,1.667,0.0
2008-05-05,1366.932,185.75,240.7369,3.9978,1008.0,378.0,10197.0,11199.2,69.95,8.5,4.5,1.667,0.0
2008-05-06,1789.98,199.596,240.2903,5.246,1354.0,5410.0,12200.0,10869.0,69.95,8.5,4.5,1.667,0.0
2008-05-07,1176.264,190.956,241.0813,3.4575,1030.0,423.0,6649.0,11502.4,69.95,8.5,4.5,1.667,0.0
2008-05-08,2116.698,253.244,239.8513,6.1785,3667.0,702.0,12717.0,18192.3,69.95,8.5,4.5,1.667,0.0
2008-05-09,1747.272,229.874,240.4712,5.1361,2229.0,423.0,11904.0,14565.2,69.95,8.5,4.5,1.667,0.0
2008-05-10,1909.128,289.814,240.0862,5.6364,6950.0,612.0,11714.0,12542.8,69.95,8.5,4.5,1.667,0.0
2008-05-11,1610.92,275.702,240.4856,4.8042,563.0,1340.0,6930.0,18015.6667,69.95,8.5,4.5,1.667,0.0
2008-05-12,1524.204,229.14,241.0416,4.5194,2082.0,1085.0,11959.0,10277.4,69.95,8.5,4.5,1.667,0.0
2008-05-13,1476.894,236.468,240.3741,4.3918,823.0,4089.0,8370.0,11332.9,69.95,8.5,4.5,1.667,0.0
2008-05-14,1584.262,277.374,240.7085,4.7133,2467.0,3436.0,9716.0,10785.3667,69.95,8.5,4.5,1.667,0.0
2008-05-15,1162.768,237.724,240.3504,3.5221,868.0,570.0,6820.0,11121.4667,69.95,8.5,4.5,1.667,0.0
2008-05-16,1651.126,235.398,239.6157,4.9246,2228.0,2569.0,8957.0,13764.7667,69.95,8.5,4.5,1.667,0.0
2008-05-17,1657.454,275.896,239.4729,4.9515,2158.0,935.0,12472.0,12059.2333,69.95,8.5,4.5,1.667,0.0
2008-05-18,1803.958,254.492,239.6827,5.4094,1775.0,5355.0,8626.0,14309.9667,69.95,8.5,4.5,1.667,0.0
2008-05-19,1030.262,175.736,240.4319,3.0694,1014.0,558.0,7503.0,8096.0333,69.95,8.5,4.5,1.667,0.0
2008-05-20,1581.334,184.082,241.0196,4.6822,1352.0,2431.0,11977.0,10595.5667,69.95,8.5,4.5,1.667,0.0
2008-05-21,1324.112,190.326,240.7605,3.9167,1989.0,474.0,9251.0,10354.5333,69.95,8.5,4.5,1.667,0.0
2008-05-22,976.868,169.816,239.5002,2.956,996.0,440.0,6475.0,8370.1333,69.95,8.5,4.5,1.667,0.0
2008-05-23,1484.916,178.958,239.4989,4.3586,0.0,1390.0,14734.0,8624.6,69.95,8.5,4.5,1.667,0.0
2008-05-24,1580.176,285.55,240.7249,4.669,1027.0,569.0,12833.0,11907.2667,69.95,8.5,4.5,1.667,0.0
2008-05-25,2048.504,290.416,239.9456,6.1365,4307.0,8811.0,6016.0,15007.7333,69.95,8.5,4.5,1.667,0.0
2008-05-26,1289.71,220.698,240.3637,3.9297,985.0,666.0,9284.0,10560.1667,69.95,8.5,4.5,1.667,0.0
2008-05-27,1708.7,207.466,239.3909,5.1074,0.0,5352.0,11478.0,11648.3333,69.95,8.5,4.5,1.667,0.0
2008-05-28,1114.372,235.644,241.3227,3.3506,3138.0,512.0,6709.0,8213.8667,69.95,8.5,4.5,1.667,0.0
2008-05-29,1135.076,186.832,237.6752,3.4757,1004.0,507.0,8703.0,8703.9333,69.95,8.5,4.5,1.667,0.0
2008-05-30,1397.244,182.218,240.5537,4.2029,0.0,3019.0,11298.0,8970.4,69.95,8.5,4.5,1.667,0.0
2008-05-31,1641.47,249.924,240.6542,4.9231,1764.0,2328.0,11858.0,11407.8333,69.95,8.5,4.5,1.667,0.0
2008-06-01,1848.876,225.34,240.6232,5.4232,1906.0,545.0,11307.0,17056.6,17.167,5.167,0.667,0.0,0.0
2008-06-02,1074.012,165.158,236.3699,3.2181,960.0,558.0,6341.0,10041.2,17.167,5.167,0.667,0.0,0.0
2008-06-03,1597.816,173.938,234.1522,4.8442,2897.0,2608.0,9265.0,11860.2667,17.167,5.167,0.667,0.0,0.0
2008-06-04,1588.912,152.404,234.7065,4.8278,1550.0,7682.0,6508.0,10741.8667,17.167,5.167,0.667,0.0,0.0
2008-06-05,1120.078,153.106,235.1638,3.3976,1747.0,506.0,8781.0,7633.9667,17.167,5.167,0.667,0.0,0.0
2008-06-06,1217.714,174.52,239.7169,3.6721,1009.0,506.0,7871.0,10909.2333,17.167,5.167,0.667,0.0,0.0
2008-06-07,1882.484,186.414,238.9844,5.5319,2379.0,2611.0,14593.0,11791.7333,17.167,5.167,0.667,0.0,0.0
2008-06-08,1542.322,188.384,239.9649,4.5961,2536.0,3161.0,9732.0,10276.3667,17.167,5.167,0.667,0.0,0.0
2008-06-09,1325.698,183.64,239.4347,4.0397,1967.0,2085.0,7921.0,10121.9667,17.167,5.167,0.667,0.0,0.0
2008-06-10,1067.09,216.018,239.978,3.2049,907.0,585.0,8992.0,7300.8333,17.167,5.167,0.667,0.0,0.0
2008-06-11,1123.206,214.372,240.1545,3.3885,977.0,842.0,7566.0,9335.1,17.167,5.167,0.667,0.0,0.0
2008-06-12,1259.332,189.292,239.69,3.7993,1951.0,567.0,7246.0,11224.8667,17.167,5.167,0.667,0.0,0.0
2008-06-13,1875.1,281.936,238.8885,5.6044,2809.0,7358.0,10531.0,10553.6667,17.167,5.167,0.667,0.0,0.0
2008-06-14,1384.92,344.28,240.0145,4.2078,1862.0,1011.0,10681.0,9528.0,17.167,5.167,0.667,0.0,0.0
2008-06-15,2289.102,281.006,239.4537,6.7736,6471.0,6802.0,11589.0,13289.7,17.167,5.167,0.667,0.0,0.0
2008-06-16,1303.044,204.382,240.4335,3.9047,1980.0,464.0,10012.0,9261.4,17.167,5.167,0.667,0.0,0.0
2008-06-17,1145.084,175.464,240.3544,3.4346,1080.0,432.0,10094.0,7478.7333,17.167,5.167,0.667,0.0,0.0
2008-06-18,1893.608,272.724,239.7399,5.7114,7549.0,3040.0,12687.0,8284.1333,17.167,5.167,0.667,0.0,0.0
2008-06-19,1588.082,189.418,239.2727,4.7379,3411.0,1514.0,10911.0,10632.0333,17.167,5.167,0.667,0.0,0.0
2008-06-20,1676.104,227.42,239.9392,5.0082,2948.0,2935.0,12417.0,9635.0667,17.167,5.167,0.667,0.0,0.0
2008-06-21,1734.254,239.028,239.4634,5.1342,940.0,5823.0,12828.0,9313.2333,17.167,5.167,0.667,0.0,0.0
2008-06-22,1566.416,294.144,239.0441,4.674,4705.0,1175.0,10652.0,9574.9333,17.167,5.167,0.667,0.0,0.0
2008-06-23,1251.796,210.956,238.9377,3.7919,2600.0,581.0,10124.0,7558.2667,17.167,5.167,0.667,0.0,0.0
2008-06-24,1754.452,253.022,237.9154,5.2622,2779.0,3489.0,14271.0,8701.8667,17.167,5.167,0.667,0.0,0.0
2008-06-25,1261.77,290.626,238.8949,3.911,2773.0,569.0,9402.0,8285.5,17.167,5.167,0.667,0.0,0.0
2008-06-26,1056.02,217.414,239.3514,3.2111,921.0,572.0,8971.0,7136.3333,17.167,5.167,0.667,0.0,0.0
2008-06-27,1755.152,262.008,238.935,5.2367,4159.0,2372.0,10163.0,12558.5333,17.167,5.167,0.667,0.0,0.0
2008-06-28,1208.8,210.954,239.1424,3.686,0.0,2000.0,7932.0,10214.6667,17.167,5.167,0.667,0.0,0.0
2008-06-29,749.352,183.664,240.1606,2.3311,955.0,535.0,3896.0,7103.2,17.167,5.167,0.667,0.0,0.0
2008-06-30,804.196,189.526,240.3761,2.4792,0.0,521.0,6819.0,6063.2667,17.167,5.167,0.667,0.0,0.0
2008-07-01,1215.24,277.788,239.5403,3.74,3465.0,587.0,8390.0,7812.0,38.017,5.5,2.333,0.833,0.0
2008-07-02,1147.202,266.538,238.962,3.5696,962.0,650.0,7002.0,10506.0333,38.017,5.5,2.333,0.833,0.0
2008-07-03,1098.36,213.748,239.6355,3.3432,958.0,2569.0,7410.0,7369.0,38.017,5.5,2.333,0.833,0.0
2008-07-04,942.02,188.132,240.1797,2.8283,0.0,589.0,8302.0,6809.3333,38.017,5.5,2.333,0.833,0.0
2008-07-05,1469.088,224.78,239.5648,4.3865,1875.0,6754.0,8365.0,7490.8,38.017,5.5,2.333,0.833,0.0
2008-07-06,1805.064,253.582,240.5902,5.3594,4258.0,5230.0,7536.0,13060.4,38.017,5.5,2.333,0.833,0.0
2008-07-07,983.39,202.81,239.6337,2.9686,2171.0,592.0,7149.0,6477.8333,38.017,5.5,2.333,0.833,0.0
2008-07-08,1126.214,196.318,239.7006,3.3714,991.0,503.0,7592.0,9684.2333,38.017,5.5,2.333,0.833,0.0
2008-07-09,919.318,191.724,240.3296,2.7753,951.0,499.0,7352.0,6519.9667,38.017,5.5,2.333,0.833,0.0
2008-07-10,1251.276,240.242,239.8678,3.7435,982.0,552.0,8186.0,11134.6,38.017,5.5,2.333,0.833,0.0
2008-07-11,1254.216,251.036,239.5169,3.7822,724.0,558.0,9251.0,10370.6,38.017,5.5,2.333,0.833,0.0
2008-07-12,1328.852,266.124,240.0593,4.0504,4436.0,2617.0,7231.0,7863.5333,38.017,5.5,2.333,0.833,0.0
2008-07-13,1254.634,166.908,240.2897,3.7667,1671.0,3164.0,7056.0,9019.5667,38.017,5.5,2.333,0.833,0.0
2008-07-14,1137.926,209.668,240.4942,3.4317,2564.0,1995.0,6436.0,7970.4333,38.017,5.5,2.333,0.833,0.0
2008-07-15,1155.86,190.936,239.7814,3.4357,968.0,552.0,8585.0,9159.3333,38.017,5.5,2.333,0.833,0.0
2008-07-16,1077.062,206.462,240.5934,3.2368,1537.0,2799.0,4978.0,8637.0333,38.017,5.5,2.333,0.833,0.0
2008-07-17,1319.122,239.506,239.917,4.0267,1122.0,723.0,8280.0,11860.3667,38.017,5.5,2.333,0.833,0.0
2008-07-18,1261.584,195.606,239.5772,3.7369,1143.0,552.0,9260.0,10071.4,38.017,5.5,2.333,0.833,0.0
2008-07-19,1344.014,208.03,239.1511,4.0197,2941.0,3146.0,7676.0,8637.2333,38.017,5.5,2.333,0.833,0.0
2008-07-20,941.534,172.576,239.7777,2.8364,1943.0,1076.0,5457.0,7216.2333,38.017,5.5,2.333,0.833,0.0
2008-07-21,1156.478,172.45,239.1017,3.4821,1698.0,431.0,9189.0,7956.6333,38.017,5.5,2.333,0.833,0.0
2008-07-22,740.242,161.128,239.6703,2.2726,0.0,430.0,4886.0,7021.3667,38.017,5.5,2.333,0.833,0.0
2008-07-23,942.63,162.392,240.0961,2.8494,1233.0,454.0,6325.0,7698.5,38.017,5.5,2.333,0.833,0.0
2008-07-24,1093.45,185.882,239.8838,3.2215,837.0,476.0,8344.0,8567.1667,38.017,5.5,2.333,0.833,0.0
2008-07-25,865.534,182.714,239.0572,2.6183,1168.0,492.0,6731.0,6034.5667,38.017,5.5,2.333,0.833,0.0
2008-07-26,815.684,213.318,240.0287,2.4944,0.0,948.0,6243.0,6403.7333,38.017,5.5,2.333,0.833,0.0
2008-07-27,1147.396,233.138,238.4712,3.5125,1063.0,858.0,8385.0,8817.2667,38.017,5.5,2.333,0.833,0.0
2008-07-28,825.804,198.514,239.9937,2.5743,0.0,509.0,5963.0,7291.4,38.017,5.5,2.333,0.833,0.0
2008-07-29,1166.558,208.384,240.2489,3.6408,1571.0,530.0,5802.0,11539.6333,38.017,5.5,2.333,0.833,0.0
2008-07-30,1299.908,227.536,239.0856,4.0651,2548.0,773.0,6278.0,12066.1333,38.017,5.5,2.333,0.833,0.0
2008-07-31,1392.638,243.476,240.0957,4.2318,1533.0,2808.0,7588.0,11281.6333,38.017,5.5,2.333,0.833,0.0
2008-08-01,739.576,252.704,239.8054,2.3279,586.0,1150.0,5091.0,5499.2667,64.28,6.4,3.0,1.8,0.0
2008-08-02,505.776,178.294,239.1287,1.5879,0.0,504.0,3803.0,4122.6,64.28,6.4,3.0,1.8,0.0
2008-08-03,504.782,166.052,237.0544,1.5767,0.0,499.0,3926.0,3988.0333,64.28,6.4,3.0,1.8,0.0
2008-08-04,1126.528,193.822,237.8633,3.4168,596.0,4677.0,4411.0,9091.4667,64.28,6.4,3.0,1.8,0.0
2008-08-05,827.118,180.248,238.7365,2.506,635.0,509.0,7118.0,5523.3,64.28,6.4,3.0,1.8,0.0
2008-08-06,326.112,214.504,240.5658,1.0904,0.0,513.0,2215.0,2707.2,64.28,6.4,3.0,1.8,0.0
2008-08-07,334.884,214.94,239.3123,1.1207,0.0,526.0,2357.0,2698.4,64.28,6.4,3.0,1.8,0.0
2008-08-08,302.2,196.448,239.4565,1.0056,0.0,481.0,1980.0,2575.6667,64.28,6.4,3.0,1.8,0.0
2008-08-09,358.924,199.99,240.7105,1.1603,0.0,489.0,1902.0,3591.0667,64.28,6.4,3.0,1.8,0.0
2008-08-10,352.032,189.106,240.2649,1.1225,0.0,464.0,1905.0,3498.2,64.28,6.4,3.0,1.8,0.0
2008-08-11,371.916,187.62,240.7183,1.1707,0.0,489.0,1880.0,3829.6,64.28,6.4,3.0,1.8,0.0
2008-08-12,288.984,187.042,240.0483,0.9535,0.0,462.0,1844.0,2510.4,64.28,6.4,3.0,1.8,0.0
2008-08-13,282.584,183.836,240.8715,0.9315,0.0,451.0,1789.0,2469.7333,64.28,6.4,3.0,1.8,0.0
2008-08-14,270.258,177.966,241.1409,0.885,0.0,441.0,1641.0,2422.3,64.28,6.4,3.0,1.8,0.0
2008-08-15,273.654,178.178,241.1582,0.896,0.0,439.0,1691.0,2430.9,64.28,6.4,3.0,1.8,0.0
2008-08-16,274.814,181.678,242.0953,0.8994,0.0,442.0,1688.0,2450.2333,64.28,6.4,3.0,1.8,0.0
2008-08-17,274.796,179.516,241.1835,0.8978,0.0,445.0,1710.0,2424.9333,64.28,6.4,3.0,1.8,0.0
2008-08-18,273.758,178.098,241.3558,0.8943,0.0,440.0,1719.0,2403.6333,64.28,6.4,3.0,1.8,0.0
2008-08-19,274.692,180.622,240.8947,0.9033,0.0,442.0,1697.0,2439.2,64.28,6.4,3.0,1.8,0.0
2008-08-20,268.472,178.064,241.5437,0.8833,0.0,437.0,1626.0,2411.5333,64.28,6.4,3.0,1.8,0.0
2008-08-21,261.298,168.972,240.2957,0.8497,0.0,432.0,1577.0,2345.9667,64.28,6.4,3.0,1.8,0.0
2008-08-22,267.124,174.654,240.8822,0.8721,0.0,438.0,1614.0,2400.0667,64.28,6.4,3.0,1.8,0.0
2008-08-23,254.642,169.422,242.1427,0.8308,0.0,419.0,1485.0,2340.0333,64.28,6.4,3.0,1.8,0.0
2008-08-24,254.716,163.91,241.6134,0.8264,0.0,404.0,1523.0,2318.2667,64.28,6.4,3.0,1.8,0.0
2008-08-25,250.298,163.87,241.474,0.8083,0.0,422.0,1436.0,2313.6333,64.28,6.4,3.0,1.8,0.0
2008-08-26,257.564,166.566,241.1195,0.8372,0.0,420.0,1533.0,2339.7333,64.28,6.4,3.0,1.8,0.0
2008-08-27,258.114,165.872,240.5765,0.8332,0.0,399.0,1539.0,2363.9,64.28,6.4,3.0,1.8,0.0
2008-08-28,268.246,174.098,240.5427,0.875,0.0,432.0,1631.0,2407.7667,64.28,6.4,3.0,1.8,0.0
2008-08-29,267.588,171.186,240.3355,0.875,0.0,430.0,1599.0,2430.8,64.28,6.4,3.0,1.8,0.0
2008-08-30,270.424,177.552,240.514,0.8862,0.0,435.0,1619.0,2453.0667,64.28,6.4,3.0,1.8,0.0
2008-08-31,1502.532,210.418,240.0181,4.4528,2056.0,3733.0,12136.0,7117.2,64.28,6.4,3.0,1.8,0.0
2008-09-01,1247.51,184.486,239.9159,3.7325,950.0,521.0,10183.0,9137.8333,22.7,6.2,1.0,0.6,0.0
2008-09-02,1384.154,224.634,239.329,4.1415,4273.0,1206.0,6648.0,10942.2333,22.7,6.2,1.0,0.6,0.0
2008-09-03,1388.486,179.288,240.0295,4.1186,1326.0,1902.0,10213.0,9700.4333,22.7,6.2,1.0,0.6,0.0
2008-09-04,1225.22,151.872,238.6635,3.6547,2225.0,404.0,9408.0,8383.3333,22.7,6.2,1.0,0.6,0.0
2008-09-05,873.96,147.236,239.5906,2.6056,379.0,431.0,6943.0,6813.0,22.7,6.2,1.0,0.6,0.0
2008-09-06,1868.574,238.292,239.3398,5.5244,2948.0,6500.0,13400.0,8294.9,22.7,6.2,1.0,0.6,0.0
2008-09-07,1372.656,176.444,240.5887,4.0808,3612.0,1707.0,5976.0,11582.6,22.7,6.2,1.0,0.6,0.0
2008-09-08,1309.324,160.574,241.3818,3.8533,747.0,2293.0,9559.0,9223.0667,22.7,6.2,1.0,0.6,0.0
2008-09-09,1159.654,180.67,239.7817,3.4644,236.0,453.0,7728.0,10910.5667,22.7,6.2,1.0,0.6,0.0
2008-09-10,1300.764,166.43,239.4806,3.8575,1009.0,399.0,10281.0,9990.4,22.7,6.2,1.0,0.6,0.0
2008-09-11,1028.714,192.038,239.0998,3.0803,1005.0,417.0,7644.0,8079.2333,22.7,6.2,1.0,0.6,0.0
2008-09-12,1392.762,178.298,239.9683,4.1446,1867.0,402.0,8738.0,12205.7,22.7,6.2,1.0,0.6,0.0
2008-09-13,1631.436,186.192,240.1245,4.8201,930.0,5433.0,11807.0,9020.6,22.7,6.2,1.0,0.6,0.0
2008-09-14,1576.326,193.746,239.889,4.735,4673.0,445.0,6538.0,14616.1,22.7,6.2,1.0,0.6,0.0
2008-09-15,1697.708,136.118,240.2559,5.0718,960.0,364.0,10322.0,16649.1333,22.7,6.2,1.0,0.6,0.0
2008-09-16,1221.862,156.06,240.9488,3.6193,0.0,368.0,8249.0,11747.3667,22.7,6.2,1.0,0.6,0.0
2008-09-17,1519.21,177.168,240.6567,4.4897,1910.0,3727.0,9371.0,10312.1667,22.7,6.2,1.0,0.6,0.0
2008-09-18,1505.29,189.376,240.3271,4.4474,4202.0,357.0,7991.0,12538.1667,22.7,6.2,1.0,0.6,0.0
2008-09-19,1518.846,166.768,240.3571,4.4788,1569.0,351.0,12367.0,11027.1,22.7,6.2,1.0,0.6,0.0
2008-09-20,1304.6,156.204,240.5941,3.8056,0.0,370.0,12477.0,8896.3333,22.7,6.2,1.0,0.6,0.0
2008-09-21,1533.07,206.262,240.9402,4.5603,4010.0,2381.0,8347.0,10813.1667,22.7,6.2,1.0,0.6,0.0
2008-09-22,1358.564,151.524,240.2092,4.0126,1014.0,2448.0,10227.0,8953.7333,22.7,6.2,1.0,0.6,0.0
2008-09-23,1232.788,165.128,240.1834,3.6842,0.0,2168.0,7920.0,10458.4667,22.7,6.2,1.0,0.6,0.0
2008-09-24,1718.35,173.472,240.1258,5.0317,2019.0,4730.0,10548.0,11342.1667,22.7,6.2,1.0,0.6,0.0
2008-09-25,1131.22,173.77,240.2903,3.3438,1012.0,751.0,8485.0,8605.6667,22.7,6.2,1.0,0.6,0.0
2008-09-26,1431.45,211.572,240.3936,4.2396,1221.0,370.0,10890.0,11376.5,22.7,6.2,1.0,0.6,0.0
2008-09-27,2127.446,257.04,240.1465,6.2586,4347.0,2584.0,12688.0,15838.4333,22.7,6.2,1.0,0.6,0.0
2008-09-28,1731.104,163.968,240.2784,5.0796,1920.0,385.0,11242.0,15304.7333,22.7,6.2,1.0,0.6,0.0
2008-09-29,1501.738,199.432,240.264,4.4094,1014.0,363.0,10677.0,12974.9667,22.7,6.2,1.0,0.6,0.0
2008-09-30,1375.006,155.092,240.5838,4.0247,998.0,360.0,7415.0,14143.7667,22.7,6.2,1.0,0.6,0.0
2008-10-01,1872.364,181.256,241.1286,5.4821,2249.0,5800.0,10808.0,12349.0667,65.82,11.6,4.6,2.2,0.0
2008-10-02,1345.342,153.676,240.3282,3.9486,0.0,367.0,9060.0,12995.3667,65.82,11.6,4.6,2.2,0.0
2008-10-03,1612.58,158.598,239.842,4.7457,4801.0,349.0,9432.0,12294.3333,65.82,11.6,4.6,2.2,0.0
2008-10-04,2100.496,216.2,240.1744,6.1449,3462.0,629.0,12573.0,18344.2667,65.82,11.6,4.6,2.2,0.0
2008-10-05,1549.95,146.296,240.1375,4.5342,990.0,3257.0,6071.0,15514.5,65.82,11.6,4.6,2.2,0.0
2008-10-06,1423.782,125.204,239.1191,4.2164,990.0,286.0,9562.0,12891.7,65.82,11.6,4.6,2.2,0.0
2008-10-07,1726.568,187.234,238.8529,5.1661,1016.0,419.0,9476.0,17865.1333,65.82,11.6,4.6,2.2,0.0
2008-10-08,1860.576,152.41,240.049,5.4312,1044.0,5126.0,11650.0,13189.6,65.82,11.6,4.6,2.2,0.0
2008-10-09,1983.682,181.9,239.2754,5.8124,1032.0,3064.0,11652.0,17313.3667,65.82,11.6,4.6,2.2,0.0
2008-10-10,1518.338,148.044,239.6349,4.4368,0.0,389.0,12046.0,12870.6333,65.82,11.6,4.6,2.2,0.0
2008-10-11,1669.386,154.848,239.1826,4.906,2144.0,2335.0,11373.0,11971.1,65.82,11.6,4.6,2.2,0.0
2008-10-12,1907.94,161.806,240.1515,5.6151,2561.0,5822.0,7171.0,16245.0,65.82,11.6,4.6,2.2,0.0
2008-10-13,1461.976,147.894,240.8094,4.2543,1037.0,535.0,9483.0,13311.2667,65.82,11.6,4.6,2.2,0.0
2008-10-14,1609.056,164.286,239.2157,4.7301,1177.0,442.0,9939.0,15259.6,65.82,11.6,4.6,2.2,0.0
2008-10-15,2156.896,168.462,239.5068,6.3282,1998.0,7042.0,9984.0,16924.2667,65.82,11.6,4.6,2.2,0.0
2008-10-16,1583.68,136.84,239.2628,4.6612,951.0,429.0,8438.0,16576.6667,65.82,11.6,4.6,2.2,0.0
2008-10-17,1866.886,153.522,240.0476,5.4758,2036.0,3187.0,9639.0,16252.7667,65.82,11.6,4.6,2.2,0.0
2008-10-18,2239.19,162.628,239.8354,6.5471,799.0,1655.0,12146.0,22719.8333,65.82,11.6,4.6,2.2,0.0
2008-10-19,1971.934,181.596,240.0425,5.8053,698.0,8010.0,4600.0,19557.5667,65.82,11.6,4.6,2.2,0.0
2008-10-20,1667.554,137.812,240.4325,4.8603,844.0,2648.0,10475.0,13825.5667,65.82,11.6,4.6,2.2,0.0
2008-10-21,2063.716,152.344,239.7307,6.0808,857.0,2663.0,11331.0,19544.2667,65.82,11.6,4.6,2.2,0.0
2008-10-22,1646.01,149.344,240.8158,4.8369,662.0,2542.0,8487.0,15742.5,65.82,11.6,4.6,2.2,0.0
2008-10-23,1830.494,161.208,240.399,5.3746,815.0,1435.0,10587.0,17671.2333,65.82,11.6,4.6,2.2,0.0
2008-10-24,2133.226,168.014,240.4137,6.2669,7893.0,2277.0,10284.0,15099.7667,65.82,11.6,4.6,2.2,0.0
2008-10-25,1596.428,125.256,240.9227,4.6338,737.0,480.0,14164.0,11226.1333,65.82,11.6,4.6,2.2,0.0
2008-10-26,523.492,115.53,242.1235,1.4992,0.0,360.0,2013.0,6351.8667,65.82,11.6,4.6,2.2,0.0
2008-10-27,523.892,128.978,242.2281,1.5092,0.0,402.0,1967.0,6362.5333,65.82,11.6,4.6,2.2,0.0
2008-10-28,1327.29,145.076,241.3268,3.8532,2263.0,362.0,5090.0,14406.5,65.82,11.6,4.6,2.2,0.0
2008-10-29,1612.576,133.282,241.7896,4.6043,1037.0,345.0,4015.0,21479.2667,65.82,11.6,4.6,2.2,0.0
2008-10-30,1098.6,123.028,242.0833,3.2733,0.0,345.0,2619.0,15346.0,65.82,11.6,4.6,2.2,0.0
2008-10-31,1285.832,104.348,241.3298,3.7664,0.0,312.0,10483.0,10635.5333,65.82,11.6,4.6,2.2,0.0
2008-11-01,830.498,113.672,241.8102,2.6257,0.0,344.0,1939.0,11558.6333,55.78,14.2,4.2,0.2,0.4
2008-11-02,910.614,120.472,242.1557,2.864,0.0,346.0,2824.0,12006.9,55.78,14.2,4.2,0.2,0.4
2008-11-03,847.6,115.248,241.7651,2.665,963.0,347.0,1892.0,10924.6667,55.78,14.2,4.2,0.2,0.4
2008-11-04,1562.316,121.476,240.8024,4.6524,0.0,6214.0,4106.0,15718.6,55.78,14.2,4.2,0.2,0.4
2008-11-05,3134.93,257.82,239.4808,9.2392,7597.0,10409.0,8362.0,25880.8333,55.78,14.2,4.2,0.2,0.4
2008-11-06,1588.438,181.468,240.3902,4.7267,1033.0,430.0,6734.0,18276.9667,55.78,14.2,4.2,0.2,0.4
2008-11-07,1619.184,109.988,239.7518,4.7546,1032.0,389.0,10421.0,15144.4,55.78,14.2,4.2,0.2,0.4
2008-11-08,1733.138,133.168,239.308,5.1047,1114.0,3271.0,6069.0,18431.6333,55.78,14.2,4.2,0.2,0.4
2008-11-09,2578.538,210.946,238.4541,7.621,6301.0,661.0,14348.0,21665.6333,55.78,14.2,4.2,0.2,0.4
2008-11-10,2112.904,156.726,239.6298,6.2143,1023.0,355.0,10387.0,23450.0667,55.78,14.2,4.2,0.2,0.4
2008-11-11,2455.95,128.08,239.8787,7.1833,2475.0,2288.0,14651.0,21518.5,55.78,14.2,4.2,0.2,0.4
2008-11-12,2190.286,159.172,240.3865,6.3512,1066.0,2752.0,9430.0,23256.7667,55.78,14.2,4.2,0.2,0.4
2008-11-13,1238.46,125.424,241.5979,3.6272,0.0,338.0,6315.0,13988.0,55.78,14.2,4.2,0.2,0.4
2008-11-14,1621.738,127.894,241.0218,4.7556,2092.0,325.0,9929.0,14682.9667,55.78,14.2,4.2,0.2,0.4
2008-11-15,3031.628,165.16,238.6341,8.9632,3952.0,3799.0,15635.0,27141.1333,55.78,14.2,4.2,0.2,0.4
2008-11-16,2365.432,163.13,240.4941,6.919,4791.0,1829.0,8945.0,23858.8667,55.78,14.2,4.2,0.2,0.4
2008-11-17,1523.636,118.874,241.1349,4.4121,0.0,378.0,10590.0,14425.9333,55.78,14.2,4.2,0.2,0.4
2008-11-18,1749.05,139.282,239.902,5.1418,1079.0,369.0,11204.0,16498.8333,55.78,14.2,4.2,0.2,0.4
2008-11-19,1840.238,166.452,240.5396,5.4129,1737.0,3026.0,8704.0,17203.6333,55.78,14.2,4.2,0.2,0.4
2008-11-20,1692.336,121.192,239.8181,4.9844,1034.0,347.0,7732.0,19092.6,55.78,14.2,4.2,0.2,0.4
2008-11-21,1673.93,127.554,239.9283,4.9465,1039.0,348.0,10396.0,16115.8333,55.78,14.2,4.2,0.2,0.4
2008-11-22,1711.368,124.868,239.7318,5.0496,1093.0,882.0,8320.0,18227.8,55.78,14.2,4.2,0.2,0.4
2008-11-23,3406.78,207.018,239.151,10.0483,3631.0,8823.0,10290.0,34035.6667,55.78,14.2,4.2,0.2,0.4
2008-11-24,3212.998,121.618,240.3595,9.2854,1063.0,510.0,13378.0,38598.9667,55.78,14.2,4.2,0.2,0.4
2008-11-25,2702.85,150.564,240.9306,7.8239,3010.0,345.0,10471.0,31221.5,55.78,14.2,4.2,0.2,0.4
2008-11-26,1515.954,119.996,242.4009,4.3564,909.0,304.0,10002.0,14050.9,55.78,14.2,4.2,0.2,0.4
2008-11-27,2362.218,126.218,241.44,6.8411,2491.0,330.0,12440.0,24109.3,55.78,14.2,4.2,0.2,0.4
2008-11-28,1885.964,128.426,243.0665,5.4096,1113.0,295.0,11361.0,18663.7333,55.78,14.2,4.2,0.2,0.4
2008-11-29,2434.668,166.51,241.2408,7.0536,5268.0,2392.0,12386.0,20531.8,55.78,14.2,4.2,0.2,0.4
2008-11-30,2401.388,170.904,242.3746,6.9556,1161.0,3481.0,11474.0,23907.1333,55.78,14.2,4.2,0.2,0.4
2008-12-01,1616.538,118.678,243.4458,4.7585,1085.0,309.0,9013.0,16535.3,33.24,9.0,1.6,0.0,0.2
2008-12-02,1793.444,145.908,243.3794,5.2151,0.0,304.0,11343.0,18243.7333,33.24,9.0,1.6,0.0,0.2
2008-12-03,1755.164,124.722,243.3837,5.0696,1137.0,302.0,9664.0,18149.7333,33.24,9.0,1.6,0.0,0.2
2008-12-04,1738.638,113.99,243.4631,5.0238,1085.0,281.0,11314.0,16297.3,33.24,9.0,1.6,0.0,0.2
2008-12-05,2058.618,120.026,242.9759,5.9676,831.0,310.0,9852.0,23317.3,33.24,9.0,1.6,0.0,0.2
2008-12-06,2523.836,188.144,241.1366,7.3583,4005.0,5749.0,9048.0,23261.9333,33.24,9.0,1.6,0.0,0.2
2008-12-07,2466.74,180.224,242.2385,7.1574,3294.0,310.0,13627.0,23881.3333,33.24,9.0,1.6,0.0,0.2
2008-12-08,1868.636,120.782,243.7316,5.3832,1117.0,296.0,13256.0,16474.9333,33.24,9.0,1.6,0.0,0.2
2008-12-09,2003.144,132.516,243.5557,5.7576,1985.0,2553.0,12886.0,15961.7333,33.24,9.0,1.6,0.0,0.2
2008-12-10,2233.66,146.106,243.4517,6.4099,1128.0,4144.0,12149.0,19806.6667,33.24,9.0,1.6,0.0,0.2
2008-12-11,1432.522,114.916,243.4184,4.1219,1160.0,273.0,7979.0,14463.3667,33.24,9.0,1.6,0.0,0.2
2008-12-12,1815.534,139.342,243.043,5.2217,1157.0,255.0,12154.0,16692.9,33.24,9.0,1.6,0.0,0.2
2008-12-13,1825.574,163.278,241.5385,5.3218,2186.0,261.0,9271.0,18708.2333,33.24,9.0,1.6,0.0,0.2
2008-12-14,2002.12,164.014,241.6228,5.8815,3742.0,2497.0,5415.0,21714.6667,33.24,9.0,1.6,0.0,0.2
2008-12-15,1795.45,113.744,243.0392,5.191,1178.0,252.0,9668.0,18826.1667,33.24,9.0,1.6,0.0,0.2
2008-12-16,1797.09,114.598,243.8799,5.1926,0.0,253.0,11334.0,18364.5,33.24,9.0,1.6,0.0,0.2
2008-12-17,2098.786,136.216,243.3135,6.0803,4251.0,284.0,10813.0,19631.7667,33.24,9.0,1.6,0.0,0.2
2008-12-18,1736.94,118.07,242.8591,4.9893,1125.0,258.0,11293.0,16273.0,33.24,9.0,1.6,0.0,0.2
2008-12-19,1882.112,132.154,241.8662,5.4801,1538.0,296.0,11773.0,17761.5333,33.24,9.0,1.6,0.0,0.2
2008-12-20,2244.142,160.838,242.5651,6.5,1134.0,6479.0,12837.0,16952.3667,33.24,9.0,1.6,0.0,0.2
2008-12-21,2643.61,135.072,241.7201,7.6626,1099.0,9189.0,14816.0,18956.1667,33.24,9.0,1.6,0.0,0.2
2008-12-22,2015.808,124.87,241.8645,5.8571,2157.0,391.0,10433.0,20615.8,33.24,9.0,1.6,0.0,0.2
2008-12-23,1798.088,151.08,241.7705,5.2507,2666.0,2115.0,8326.0,16861.1333,33.24,9.0,1.6,0.0,0.2
2008-12-24,1269.638,115.318,243.9606,3.6336,0.0,364.0,9981.0,10815.6333,33.24,9.0,1.6,0.0,0.2
2008-12-25,1061.118,116.882,243.2331,3.0386,0.0,285.0,3598.0,13802.3,33.24,9.0,1.6,0.0,0.2
2008-12-26,1223.732,124.222,244.3537,3.5007,1121.0,279.0,7796.0,11199.5333,33.24,9.0,1.6,0.0,0.2
2008-12-27,2972.164,118.132,243.3119,8.4318,0.0,244.0,12209.0,37083.0667,33.24,9.0,1.6,0.0,0.2
2008-12-28,1570.642,112.248,244.5604,4.42,1953.0,217.0,5291.0,18716.3667,33.24,9.0,1.6,0.0,0.2
2008-12-29,555.278,91.638,244.9548,1.5789,0.0,218.0,2480.0,6556.6333,33.24,9.0,1.6,0.0,0.2
2008-12-30,1195.238,113.206,244.6382,3.4018,0.0,245.0,7145.0,12530.6333,33.24,9.0,1.6,0.0,0.2
2008-12-31,1964.188,129.272,243.2966,5.6876,2975.0,246.0,11860.0,17655.4667,33.24,9.0,1.6,0.0,0.2
